-- Europe corridors seed (6 corridors, 2026 thresholds)
-- Generated by scripts/generate-europe-corridors-sql.ts — do not edit by hand

INSERT INTO emigro_countries (iso2, name_en, name_ru) VALUES
  ('ES', 'Spain', 'Испания'),
  ('FR', 'France', 'Франция'),
  ('IT', 'Italy', 'Италия'),
  ('DE', 'Germany', 'Германия'),
  ('NL', 'Netherlands', 'Нидерланды'),
  ('SE', 'Sweden', 'Швеция'),
  ('NO', 'Norway', 'Норвегия'),
  ('DK', 'Denmark', 'Дания'),
  ('FI', 'Finland', 'Финляндия')
ON CONFLICT DO NOTHING;

-- Corridor: ru-speaking-to-spain
INSERT INTO emigro_corridors (id, slug, title_en, title_ru, audience_description_en, audience_description_ru, primary_passport_iso2)
VALUES ('a0000000-0000-4000-8000-000000000002', 'ru-speaking-to-spain', 'Russian-speaking → Spain', 'Русскоязычные → Испания', 'Relocation navigator for Russian-speaking applicants targeting Spain residency routes.', 'Навигатор релокации для русскоязычных заявителей с фокусом на маршруты ВНЖ в Испанию.', 'RU')
ON CONFLICT (slug) DO NOTHING;

INSERT INTO emigro_corridor_passports (corridor_id, passport_iso2, support_level) VALUES
  ('a0000000-0000-4000-8000-000000000002', 'RU', 'primary'),
  ('a0000000-0000-4000-8000-000000000002', 'BY', 'secondary'),
  ('a0000000-0000-4000-8000-000000000002', 'UA', 'secondary'),
  ('a0000000-0000-4000-8000-000000000002', 'KZ', 'secondary')
ON CONFLICT DO NOTHING;

INSERT INTO emigro_corridor_destinations (corridor_id, destination_iso2) VALUES
  ('a0000000-0000-4000-8000-000000000002', 'ES')
ON CONFLICT DO NOTHING;

INSERT INTO emigro_programs (id, slug, destination_iso2, program_type, title_en, title_ru, summary_en, summary_ru) VALUES
  ('b0000000-0000-4000-8000-000000000004', 'spain-digital-nomad', 'ES', 'LABOR', 'Spain Digital Nomad (teletrabajo internacional)', 'Испания — digital nomad (teletrabajo)', 'Residence for remote workers with foreign income; max 20% income from Spain.', 'ВНЖ для удалённых работников с зарубежным доходом; не более 20% дохода из Испании.'),
  ('b0000000-0000-4000-8000-000000000005', 'spain-non-lucrative', 'ES', 'CAPITAL', 'Spain Non-Lucrative Residence', 'Испания — residencia no lucrativa', 'Passive income or savings; no work or remote work permitted.', 'Пассивный доход или сбережения; работа и удалёнка запрещены.'),
  ('b0000000-0000-4000-8000-000000000006', 'spain-family-reunification', 'ES', 'BOND', 'Spain Family Reunification', 'Испания — воссоединение семьи', 'Join a legal resident or Spanish citizen family member.', 'Присоединение к резиденту или гражданину Испании.')
ON CONFLICT (slug) DO NOTHING;

INSERT INTO emigro_corridor_programs (corridor_id, program_id, sort_order, is_featured) VALUES
  ('a0000000-0000-4000-8000-000000000002', 'b0000000-0000-4000-8000-000000000004', 1, true),
  ('a0000000-0000-4000-8000-000000000002', 'b0000000-0000-4000-8000-000000000005', 2, true),
  ('a0000000-0000-4000-8000-000000000002', 'b0000000-0000-4000-8000-000000000006', 3, true)
ON CONFLICT DO NOTHING;

INSERT INTO emigro_program_versions (id, program_id, version_label, eligibility_rule) VALUES
  ('c0000000-0000-4000-8000-000000000007', 'b0000000-0000-4000-8000-000000000004', '2026-01', '{"and":[{"==":[{"var":"passport_iso2"},"RU"]},{"==":[{"var":"remote_income"},"yes"]},{">=":[{"var":"monthly_income_eur"},2849]}]}'),
  ('c0000000-0000-4000-8000-000000000008', 'b0000000-0000-4000-8000-000000000005', '2026-01', '{"and":[{"==":[{"var":"passport_iso2"},"RU"]},{"or":[{">=":[{"var":"passive_income_eur"},2400]},{">=":[{"var":"savings_eur"},57600]}]}]}'),
  ('c0000000-0000-4000-8000-000000000009', 'b0000000-0000-4000-8000-000000000006', '2026-01', '{"and":[{"==":[{"var":"passport_iso2"},"RU"]},{"==":[{"var":"has_family_in_es"},"yes"]}]}')
ON CONFLICT DO NOTHING;

INSERT INTO emigro_program_requirements (program_version_id, requirement_type, label_en, label_ru, value_text, sort_order) VALUES
  ('c0000000-0000-4000-8000-000000000007', 'income', 'Minimum monthly income', 'Минимальный месячный доход', '€2,849 (200% SMI 2026, расчёт UGE по 14 платежам SMI)', 1),
  ('c0000000-0000-4000-8000-000000000007', 'documents', 'Remote work proof', 'Подтверждение удалённой работы', 'Контракт, инвойсы; работодатель вне Испании', 2),
  ('c0000000-0000-4000-8000-000000000007', 'insurance', 'Health insurance', 'Медстраховка', 'Полное покрытие в Испании', 3),
  ('c0000000-0000-4000-8000-000000000008', 'income', 'Financial means', 'Финансовые средства', '€28,800/год (400% IPREM €600/мес.) или эквивалент в сбережениях', 1),
  ('c0000000-0000-4000-8000-000000000008', 'documents', 'No employment', 'Без трудовой деятельности', 'Подтверждение прекращения работы; удалёнка не допускается', 2),
  ('c0000000-0000-4000-8000-000000000008', 'insurance', 'Private health insurance', 'Частная страховка', 'Без доплат (copay) — требование многих консульств', 3),
  ('c0000000-0000-4000-8000-000000000009', 'family', 'Sponsor', 'Спонсор', 'Легальный резидент или гражданин Испании', 1),
  ('c0000000-0000-4000-8000-000000000009', 'income', 'Sponsor means', 'Средства спонсора', 'Достаточный доход/IPREM для содержания семьи', 2)
ON CONFLICT DO NOTHING;

INSERT INTO emigro_program_costs (program_version_id, label_en, label_ru, amount_text, sort_order) VALUES
  ('c0000000-0000-4000-8000-000000000007', 'Consular / UGE fee', 'Консульский / UGE сбор', '€80–120', 1),
  ('c0000000-0000-4000-8000-000000000007', 'Autónomo social security (if freelance)', 'Autónomo (если фриланс)', 'от ~€453/мес. (2026)', 2),
  ('c0000000-0000-4000-8000-000000000008', 'Visa fee (indicative)', 'Визовый сбор', '€80–160', 1),
  ('c0000000-0000-4000-8000-000000000008', 'Renewal savings (2-year)', 'Сбережения на продление (2 года)', 'до €57,600 на заявителя', 2),
  ('c0000000-0000-4000-8000-000000000009', 'Consular fee', 'Консульский сбор', '€80–120', 1)
ON CONFLICT DO NOTHING;

INSERT INTO emigro_program_timeline_steps (program_version_id, step_type, title_en, title_ru, duration_text, sort_order) VALUES
  ('c0000000-0000-4000-8000-000000000007', 'document_prep', 'Income & insurance dossier', 'Досье дохода и страховки', '2–4 недели', 1),
  ('c0000000-0000-4000-8000-000000000007', 'application', 'Consulate / UGE submission', 'Подача в консульство / UGE', '1–3 месяца', 2),
  ('c0000000-0000-4000-8000-000000000007', 'residence', 'TIE residence card', 'Карта TIE', '2–6 месяцев', 3),
  ('c0000000-0000-4000-8000-000000000008', 'document_prep', 'Passive income proof', 'Подтверждение пассивного дохода', '2–6 недель', 1),
  ('c0000000-0000-4000-8000-000000000008', 'application', 'Consulate application', 'Подача в консульство', '1–3 месяца', 2),
  ('c0000000-0000-4000-8000-000000000008', 'residence', 'TIE (1+2+2 years)', 'TIE (1+2+2 года)', '2–6 месяцев', 3),
  ('c0000000-0000-4000-8000-000000000009', 'document_prep', 'Relationship proof', 'Подтверждение родства', '2–6 недель', 1),
  ('c0000000-0000-4000-8000-000000000009', 'application', 'Family reunification', 'Подача на воссоединение', '2–4 месяца', 2),
  ('c0000000-0000-4000-8000-000000000009', 'residence', 'Family TIE', 'Семейный TIE', '2–6 месяцев', 3)
ON CONFLICT DO NOTHING;

INSERT INTO emigro_program_sources (program_version_id, source_url, raw_excerpt, last_verified, label_en, label_ru) VALUES
  ('c0000000-0000-4000-8000-000000000007', 'https://www.boe.es/buscar/act.php?id=BOE-A-2022-23068', 'Ley 28/2022 — autorización de residencia para teletrabajo de carácter internacional.', '2026-06-01', 'Ley de Startups (BOE)', 'Ley de Startups (BOE)'),
  ('c0000000-0000-4000-8000-000000000007', 'https://www.thelocal.es/20260216/confirmed-the-financial-requirements-for-spains-digital-nomad-visa-in-2026', '2026 DNV threshold €2,849/month based on SMI €1,221 (14 payments).', '2026-06-01', '2026 income threshold', 'Порог дохода 2026'),
  ('c0000000-0000-4000-8000-000000000008', 'https://www.boe.es/buscar/act.php?id=BOE-A-2011-7709', 'RD 557/2011 Art. 47 — 400% IPREM for non-lucrative residence.', '2026-06-01', 'Royal Decree 557/2011', 'RD 557/2011'),
  ('c0000000-0000-4000-8000-000000000009', 'https://www.inclusion.gob.es/web/migraciones/w/reagrupacion-familiar', 'Reagrupación familiar — family reunification for legal residents.', '2026-06-01', 'Spanish immigration (inclusion.gob.es)', 'Миграционная служба Испании')
ON CONFLICT DO NOTHING;

INSERT INTO emigro_passport_eligibility (program_version_id, passport_iso2, status, notes_en, notes_ru) VALUES
  ('c0000000-0000-4000-8000-000000000007', 'RU', 'eligible', 'Apply via consulate/VFS where available', 'Подача через консульство/VFS где доступно'),
  ('c0000000-0000-4000-8000-000000000007', 'BY', 'partial', 'Check consulate jurisdiction', 'Уточнить юрисдикцию консульства'),
  ('c0000000-0000-4000-8000-000000000007', 'UA', 'partial', 'Check consulate jurisdiction', 'Уточнить юрисдикцию консульства'),
  ('c0000000-0000-4000-8000-000000000007', 'KZ', 'partial', 'Check consulate jurisdiction', 'Уточнить юрисдикцию консульства'),
  ('c0000000-0000-4000-8000-000000000008', 'RU', 'eligible', 'Apply via consulate/VFS where available', 'Подача через консульство/VFS где доступно'),
  ('c0000000-0000-4000-8000-000000000008', 'BY', 'partial', 'Check consulate jurisdiction', 'Уточнить юрисдикцию консульства'),
  ('c0000000-0000-4000-8000-000000000008', 'UA', 'partial', 'Check consulate jurisdiction', 'Уточнить юрисдикцию консульства'),
  ('c0000000-0000-4000-8000-000000000008', 'KZ', 'partial', 'Check consulate jurisdiction', 'Уточнить юрисдикцию консульства'),
  ('c0000000-0000-4000-8000-000000000009', 'RU', 'eligible', 'Apply via consulate/VFS where available', 'Подача через консульство/VFS где доступно'),
  ('c0000000-0000-4000-8000-000000000009', 'BY', 'partial', 'Check consulate jurisdiction', 'Уточнить юрисдикцию консульства'),
  ('c0000000-0000-4000-8000-000000000009', 'UA', 'partial', 'Check consulate jurisdiction', 'Уточнить юрисдикцию консульства'),
  ('c0000000-0000-4000-8000-000000000009', 'KZ', 'partial', 'Check consulate jurisdiction', 'Уточнить юрисдикцию консульства')
ON CONFLICT DO NOTHING;

INSERT INTO emigro_corridor_digest_items (corridor_id, category, title_en, title_ru, body_en, body_ru, source_url, last_verified, sort_order) VALUES
  ('a0000000-0000-4000-8000-000000000002', 'citizenship', 'Citizenship language (DELE + CCSE)', 'Язык для гражданства (DELE + CCSE)', 'Naturalization typically requires 10 years legal residence (general rule). DELE A2 and CCSE constitutional knowledge test are standard.', 'Натурализация — как правило 10 лет легального проживания. Нужны DELE A2 и тест CCSE по конституции.', 'https://sede.mjusticia.gob.es/', '2026-06-01', 1),
  ('a0000000-0000-4000-8000-000000000002', 'exam', 'DELE A2 structure', 'Структура DELE A2', 'DELE assesses Spanish at A2 (reading, writing, listening, speaking). Plan 4–8 months from zero for Russian speakers.', 'DELE проверяет испанский на A2. С нуля закладывайте 4–8 месяцев подготовки.', 'https://examenes.cervantes.es/', '2026-06-01', 2),
  ('a0000000-0000-4000-8000-000000000002', 'timeline', 'Residence → citizenship', 'ВНЖ → гражданство', 'Typical: visa/TIE → renewals → 10 years residence → DELE/CCSE → nationality (12–24 months processing). Sephardic and Latin American exceptions exist.', 'Типично: виза/TIE → продления → 10 лет → DELE/CCSE → гражданство (12–24 мес.). Есть исключения (сефарды, LATAM).', NULL, '2026-06-01', 3),
  ('a0000000-0000-4000-8000-000000000002', 'practical', 'NIE and empadronamiento', 'NIE и empadronamiento', 'Foreigners need NIE for tax/bank. Empadronamiento (municipal registration) is required for many procedures.', 'Иностранцам нужен NIE для налогов и банка. Empadronamiento (регистрация по месту жительства) нужна для многих процедур.', NULL, '2026-06-01', 4),
  ('a0000000-0000-4000-8000-000000000002', 'practical', 'Golden visa reform', 'Реформа golden visa', 'Real-estate investment route largely closed since April 2024. Remaining capital routes are narrow — verify current BOE before planning.', 'Маршрут через недвижимость закрыт с апреля 2024. Оставшиеся инвестиционные варианты узкие — проверяйте актуальный BOE.', 'https://www.boe.es/', '2026-06-01', 5)
ON CONFLICT DO NOTHING;

INSERT INTO emigro_wizard_definitions (id, corridor_id, slug, title_en, title_ru) VALUES
  ('d0000000-0000-4000-8000-000000000002', 'a0000000-0000-4000-8000-000000000002', 'spain-routes', 'Spain route finder', 'Подбор маршрута — Испания')
ON CONFLICT DO NOTHING;

INSERT INTO emigro_wizard_modules (id, wizard_id, module_key, title_en, title_ru, sort_order) VALUES
  ('e0000000-0000-4000-8000-000000000005', 'd0000000-0000-4000-8000-000000000002', 'core', 'Basics', 'Основное', 1),
  ('e0000000-0000-4000-8000-000000000006', 'd0000000-0000-4000-8000-000000000002', 'labor', 'Work & remote', 'Работа и удалёнка', 2),
  ('e0000000-0000-4000-8000-000000000007', 'd0000000-0000-4000-8000-000000000002', 'capital', 'Passive income & savings', 'Пассивный доход и сбережения', 3),
  ('e0000000-0000-4000-8000-000000000008', 'd0000000-0000-4000-8000-000000000002', 'bond', 'Family', 'Семья', 4)
ON CONFLICT DO NOTHING;

INSERT INTO emigro_wizard_questions (module_id, question_key, question_type, label_en, label_ru, help_en, help_ru, options, sort_order) VALUES
  ('e0000000-0000-4000-8000-000000000005', 'passport_iso2', 'single', 'Your passport', 'Ваш паспорт', 'Primary passport you will apply with', 'Паспорт, с которым будете подавать', '[{"value":"RU","label_en":"Russia","label_ru":"Россия"},{"value":"BY","label_en":"Belarus","label_ru":"Беларусь"},{"value":"UA","label_en":"Ukraine","label_ru":"Украина"},{"value":"KZ","label_en":"Kazakhstan","label_ru":"Казахстан"}]', 1),
  ('e0000000-0000-4000-8000-000000000006', 'remote_income', 'single', 'Stable remote income from abroad?', 'Стабильный удалённый доход из-за рубежа?', 'Salary or freelance from employers/clients outside destination country', 'Зарплата или фриланс от работодателей/клиентов вне страны назначения', '[{"value":"yes","label_en":"Yes","label_ru":"Да"},{"value":"no","label_en":"No","label_ru":"Нет"}]', 1),
  ('e0000000-0000-4000-8000-000000000006', 'monthly_income_eur', 'number', 'Monthly net income (EUR)', 'Месячный чистый доход (EUR)', NULL, NULL, NULL, 2),
  ('e0000000-0000-4000-8000-000000000006', 'has_job_offer', 'single', 'Signed job offer in destination country?', 'Подписанный оффер работы в стране назначения?', NULL, NULL, '[{"value":"yes","label_en":"Yes","label_ru":"Да"},{"value":"no","label_en":"No","label_ru":"Нет"}]', 3),
  ('e0000000-0000-4000-8000-000000000006', 'annual_salary_eur', 'number', 'Annual gross salary in offer (EUR)', 'Годовая брутто-зарплата в оффере (EUR)', NULL, NULL, NULL, 4),
  ('e0000000-0000-4000-8000-000000000007', 'passive_income_eur', 'number', 'Monthly passive income (EUR)', 'Месячный пассивный доход (EUR)', 'Pensions, rent, dividends — not salary', 'Пенсии, аренда, дивиденды — не зарплата', NULL, 1),
  ('e0000000-0000-4000-8000-000000000007', 'savings_eur', 'number', 'Liquid savings (EUR)', 'Ликвидные сбережения (EUR)', NULL, NULL, NULL, 2),
  ('e0000000-0000-4000-8000-000000000007', 'has_university_degree', 'single', 'Recognised university degree?', 'Признаваемый диплом вуза?', NULL, NULL, '[{"value":"yes","label_en":"Yes","label_ru":"Да"},{"value":"no","label_en":"No","label_ru":"Нет"}]', 3),
  ('e0000000-0000-4000-8000-000000000008', 'has_family_in_es', 'single', 'Family member legally in Испания?', 'Член семьи легально в стране (Испания)?', 'Resident or citizen who can sponsor reunification', 'Резидент или гражданин для воссоединения', '[{"value":"yes","label_en":"Yes","label_ru":"Да"},{"value":"no","label_en":"No","label_ru":"Нет"}]', 1)
ON CONFLICT DO NOTHING;

-- Corridor: ru-speaking-to-france
INSERT INTO emigro_corridors (id, slug, title_en, title_ru, audience_description_en, audience_description_ru, primary_passport_iso2)
VALUES ('a0000000-0000-4000-8000-000000000003', 'ru-speaking-to-france', 'Russian-speaking → France', 'Русскоязычные → Франция', 'Relocation navigator for Russian-speaking applicants targeting France residency routes.', 'Навигатор релокации для русскоязычных заявителей с фокусом на маршруты ВНЖ во Францию.', 'RU')
ON CONFLICT (slug) DO NOTHING;

INSERT INTO emigro_corridor_passports (corridor_id, passport_iso2, support_level) VALUES
  ('a0000000-0000-4000-8000-000000000003', 'RU', 'primary'),
  ('a0000000-0000-4000-8000-000000000003', 'BY', 'secondary'),
  ('a0000000-0000-4000-8000-000000000003', 'UA', 'secondary'),
  ('a0000000-0000-4000-8000-000000000003', 'KZ', 'secondary')
ON CONFLICT DO NOTHING;

INSERT INTO emigro_corridor_destinations (corridor_id, destination_iso2) VALUES
  ('a0000000-0000-4000-8000-000000000003', 'FR')
ON CONFLICT DO NOTHING;

INSERT INTO emigro_programs (id, slug, destination_iso2, program_type, title_en, title_ru, summary_en, summary_ru) VALUES
  ('b0000000-0000-4000-8000-000000000007', 'france-talent-salarie', 'FR', 'LABOR', 'France Talent — salarié qualifié', 'Франция Talent — salarié qualifié', 'Multi-year residence for qualified employees with a French job offer meeting salary threshold.', 'Многолетний ВНЖ для квалифицированных сотрудников с оффером во Франции и порогом зарплаты.'),
  ('b0000000-0000-4000-8000-000000000008', 'france-vls-ts-visiteur', 'FR', 'CAPITAL', 'France VLS-TS visiteur', 'Франция VLS-TS visiteur', 'Long-stay visitor visa for applicants with sufficient means without working in France.', 'Долгосрочная виза посетителя при достаточных средствах без права работы во Франции.'),
  ('b0000000-0000-4000-8000-000000000009', 'france-family-reunification', 'FR', 'BOND', 'France Family Reunification', 'Франция — воссоединение семьи', 'Join a family member legally residing in France.', 'Присоединение к члену семьи с легальным статусом во Франции.')
ON CONFLICT (slug) DO NOTHING;

INSERT INTO emigro_corridor_programs (corridor_id, program_id, sort_order, is_featured) VALUES
  ('a0000000-0000-4000-8000-000000000003', 'b0000000-0000-4000-8000-000000000007', 1, true),
  ('a0000000-0000-4000-8000-000000000003', 'b0000000-0000-4000-8000-000000000008', 2, true),
  ('a0000000-0000-4000-8000-000000000003', 'b0000000-0000-4000-8000-000000000009', 3, true)
ON CONFLICT DO NOTHING;

INSERT INTO emigro_program_versions (id, program_id, version_label, eligibility_rule) VALUES
  ('c0000000-0000-4000-8000-000000000010', 'b0000000-0000-4000-8000-000000000007', '2026-01', '{"and":[{"==":[{"var":"passport_iso2"},"RU"]},{"==":[{"var":"has_job_offer"},"yes"]},{">=":[{"var":"annual_salary_eur"},39582]}]}'),
  ('c0000000-0000-4000-8000-000000000011', 'b0000000-0000-4000-8000-000000000008', '2026-01', '{"and":[{"==":[{"var":"passport_iso2"},"RU"]},{"or":[{">=":[{"var":"passive_income_eur"},1823]},{">=":[{"var":"savings_eur"},21876]}]}]}'),
  ('c0000000-0000-4000-8000-000000000012', 'b0000000-0000-4000-8000-000000000009', '2026-01', '{"and":[{"==":[{"var":"passport_iso2"},"RU"]},{"==":[{"var":"has_family_in_fr"},"yes"]}]}')
ON CONFLICT DO NOTHING;

INSERT INTO emigro_program_requirements (program_version_id, requirement_type, label_en, label_ru, value_text, sort_order) VALUES
  ('c0000000-0000-4000-8000-000000000010', 'income', 'Minimum gross salary', 'Минимальная брутто-зарплата', '€39,582/year (2026 PACE salarié qualifié threshold)', 1),
  ('c0000000-0000-4000-8000-000000000010', 'documents', 'Employment contract', 'Трудовой договор', 'CDI or qualifying CDD with French employer', 2),
  ('c0000000-0000-4000-8000-000000000010', 'insurance', 'Health coverage', 'Медицинское покрытие', 'French social security enrollment after arrival', 3),
  ('c0000000-0000-4000-8000-000000000011', 'income', 'Financial means', 'Финансовые средства', '€21,876/year (SMIC annuel 2026) — ~€1,823/month passive or equivalent savings', 1),
  ('c0000000-0000-4000-8000-000000000011', 'documents', 'No employment in France', 'Без работы во Франции', 'Attestation of sufficient resources; no salaried activity', 2),
  ('c0000000-0000-4000-8000-000000000011', 'insurance', 'Health insurance', 'Медстраховка', 'Full coverage in France for entire stay', 3),
  ('c0000000-0000-4000-8000-000000000012', 'family', 'Sponsor in France', 'Спонсор во Франции', 'Spouse, parent, or qualifying relative with legal stay', 1),
  ('c0000000-0000-4000-8000-000000000012', 'income', 'Sponsor resources', 'Средства спонсора', 'Stable income and adequate housing (SMIC-based rules)', 2)
ON CONFLICT DO NOTHING;

INSERT INTO emigro_program_costs (program_version_id, label_en, label_ru, amount_text, sort_order) VALUES
  ('c0000000-0000-4000-8000-000000000010', 'Visa fee (indicative)', 'Визовый сбор', '€99–120', 1),
  ('c0000000-0000-4000-8000-000000000010', 'Prefecture titre de séjour', 'Prefecture — titre de séjour', '€225 (2026 indicative)', 2),
  ('c0000000-0000-4000-8000-000000000011', 'Visa fee', 'Визовый сбор', '€99', 1),
  ('c0000000-0000-4000-8000-000000000011', 'Prefecture renewal', 'Продление в префектуре', '€225 (indicative)', 2),
  ('c0000000-0000-4000-8000-000000000012', 'Visa & OFII fee', 'Виза и OFII', '€99 + €250 (indicative)', 1)
ON CONFLICT DO NOTHING;

INSERT INTO emigro_program_timeline_steps (program_version_id, step_type, title_en, title_ru, duration_text, sort_order) VALUES
  ('c0000000-0000-4000-8000-000000000010', 'document_prep', 'Employer & salary dossier', 'Досье работодателя и зарплаты', '2–4 weeks', 1),
  ('c0000000-0000-4000-8000-000000000010', 'application', 'Consulate VLS-TS application', 'Подача VLS-TS в консульство', '1–3 months', 2),
  ('c0000000-0000-4000-8000-000000000010', 'residence', 'Prefecture validation', 'Валидация в префектуре', '2–4 months after arrival', 3),
  ('c0000000-0000-4000-8000-000000000011', 'document_prep', 'Proof of means & insurance', 'Подтверждение средств и страховки', '2–4 weeks', 1),
  ('c0000000-0000-4000-8000-000000000011', 'application', 'Consulate submission', 'Подача в консульство', '1–2 months', 2),
  ('c0000000-0000-4000-8000-000000000011', 'residence', 'Visitor titre de séjour', 'Titre de séjour visiteur', '2–3 months after arrival', 3),
  ('c0000000-0000-4000-8000-000000000012', 'document_prep', 'Family & housing proof', 'Подтверждение родства и жилья', '2–8 weeks', 1),
  ('c0000000-0000-4000-8000-000000000012', 'application', 'OFII / consulate process', 'Процедура OFII / консульство', '2–6 months', 2),
  ('c0000000-0000-4000-8000-000000000012', 'residence', 'Family titre de séjour', 'Семейный titre de séjour', '2–4 months', 3)
ON CONFLICT DO NOTHING;

INSERT INTO emigro_program_sources (program_version_id, source_url, raw_excerpt, last_verified, label_en, label_ru) VALUES
  ('c0000000-0000-4000-8000-000000000010', 'https://www.service-public.fr/particuliers/vosdroits/F16926', 'Carte de séjour pluriannuelle — salarié qualifié: minimum gross salary set annually (€39,582 in 2026).', '2026-06-01', 'Service-Public — salarié qualifié', 'Service-Public — salarié qualifié'),
  ('c0000000-0000-4000-8000-000000000010', 'https://france-visas.gouv.fr/en/web/france-visas/long-stay-visa', 'Long-stay visa (VLS-TS) for employment in France.', '2026-06-01', 'France-Visas', 'France-Visas'),
  ('c0000000-0000-4000-8000-000000000011', 'https://france-visas.gouv.fr/en/web/france-visas/long-stay-visitor-visa', 'Visitor visa — resources at least equal to SMIC for 12 months without working.', '2026-06-01', 'France-Visas visiteur', 'France-Visas visiteur'),
  ('c0000000-0000-4000-8000-000000000011', 'https://www.service-public.fr/particuliers/vosdroits/F302', 'SMIC 2026 — reference for minimum resources (€21,876/year gross SMIC).', '2026-06-01', 'Service-Public SMIC', 'Service-Public SMIC'),
  ('c0000000-0000-4000-8000-000000000012', 'https://www.service-public.fr/particuliers/vosdroits/F11166', 'Regroupement familial — family reunification for legal residents in France.', '2026-06-01', 'Service-Public regroupement familial', 'Service-Public regroupement familial')
ON CONFLICT DO NOTHING;

INSERT INTO emigro_passport_eligibility (program_version_id, passport_iso2, status, notes_en, notes_ru) VALUES
  ('c0000000-0000-4000-8000-000000000010', 'RU', 'eligible', 'Apply via consulate/VFS where available', 'Подача через консульство/VFS где доступно'),
  ('c0000000-0000-4000-8000-000000000010', 'BY', 'partial', 'Check consulate jurisdiction', 'Уточнить юрисдикцию консульства'),
  ('c0000000-0000-4000-8000-000000000010', 'UA', 'partial', 'Check consulate jurisdiction', 'Уточнить юрисдикцию консульства'),
  ('c0000000-0000-4000-8000-000000000010', 'KZ', 'partial', 'Check consulate jurisdiction', 'Уточнить юрисдикцию консульства'),
  ('c0000000-0000-4000-8000-000000000011', 'RU', 'eligible', 'Apply via consulate/VFS where available', 'Подача через консульство/VFS где доступно'),
  ('c0000000-0000-4000-8000-000000000011', 'BY', 'partial', 'Check consulate jurisdiction', 'Уточнить юрисдикцию консульства'),
  ('c0000000-0000-4000-8000-000000000011', 'UA', 'partial', 'Check consulate jurisdiction', 'Уточнить юрисдикцию консульства'),
  ('c0000000-0000-4000-8000-000000000011', 'KZ', 'partial', 'Check consulate jurisdiction', 'Уточнить юрисдикцию консульства'),
  ('c0000000-0000-4000-8000-000000000012', 'RU', 'eligible', 'Apply via consulate/VFS where available', 'Подача через консульство/VFS где доступно'),
  ('c0000000-0000-4000-8000-000000000012', 'BY', 'partial', 'Check consulate jurisdiction', 'Уточнить юрисдикцию консульства'),
  ('c0000000-0000-4000-8000-000000000012', 'UA', 'partial', 'Check consulate jurisdiction', 'Уточнить юрисдикцию консульства'),
  ('c0000000-0000-4000-8000-000000000012', 'KZ', 'partial', 'Check consulate jurisdiction', 'Уточнить юрисдикцию консульства')
ON CONFLICT DO NOTHING;

INSERT INTO emigro_corridor_digest_items (corridor_id, category, title_en, title_ru, body_en, body_ru, source_url, last_verified, sort_order) VALUES
  ('a0000000-0000-4000-8000-000000000003', 'citizenship', 'Naturalization language (DELF B1)', 'Язык для натурализации (DELF B1)', 'Standard naturalization requires 5 years legal residence and French level B1 (DELF/DALF or equivalent).', 'Стандартная натурализация — 5 лет легального проживания и французский B1 (DELF/DALF или эквивалент).', 'https://www.service-public.fr/particuliers/vosdroits/F2728', '2026-06-01', 1),
  ('a0000000-0000-4000-8000-000000000003', 'exam', 'DELF B1 structure', 'Структура DELF B1', 'DELF B1 tests comprehension, writing, speaking. Plan 6–12 months from zero for Russian speakers.', 'DELF B1 проверяет понимание, письмо, говорение. С нуля закладывайте 6–12 месяцев.', 'https://www.france-education-international.fr/delf-dalf', '2026-06-01', 2),
  ('a0000000-0000-4000-8000-000000000003', 'timeline', 'Residence → citizenship', 'ВНЖ → гражданство', 'Typical: VLS-TS → renewals → 5 years → B1 → naturalization dossier (12–18 months processing).', 'Типично: VLS-TS → продления → 5 лет → B1 → досье натурализации (12–18 мес.).', NULL, '2026-06-01', 3),
  ('a0000000-0000-4000-8000-000000000003', 'practical', 'Prefecture appointments', 'Запись в префектуру', 'After arrival, validate VLS-TS and renew at your department prefecture. Wait times vary by department.', 'После приезда валидируйте VLS-TS и продлевайте в префектуре департамента. Сроки записи различаются.', 'https://www.service-public.fr/', '2026-06-01', 4),
  ('a0000000-0000-4000-8000-000000000003', 'practical', 'OFII medical visit', 'Медосмотр OFII', 'First long-stay holders must complete OFII registration and medical visit within 3 months of arrival.', 'Держатели первого долгосрочного ВНЖ должны пройти регистрацию OFII и медосмотр в течение 3 месяцев.', 'https://www.ofii.fr/', '2026-06-01', 5)
ON CONFLICT DO NOTHING;

INSERT INTO emigro_wizard_definitions (id, corridor_id, slug, title_en, title_ru) VALUES
  ('d0000000-0000-4000-8000-000000000003', 'a0000000-0000-4000-8000-000000000003', 'france-routes', 'France route finder', 'Подбор маршрута — Франция')
ON CONFLICT DO NOTHING;

INSERT INTO emigro_wizard_modules (id, wizard_id, module_key, title_en, title_ru, sort_order) VALUES
  ('e0000000-0000-4000-8000-000000000009', 'd0000000-0000-4000-8000-000000000003', 'core', 'Basics', 'Основное', 1),
  ('e0000000-0000-4000-8000-000000000010', 'd0000000-0000-4000-8000-000000000003', 'labor', 'Work & remote', 'Работа и удалёнка', 2),
  ('e0000000-0000-4000-8000-000000000011', 'd0000000-0000-4000-8000-000000000003', 'capital', 'Passive income & savings', 'Пассивный доход и сбережения', 3),
  ('e0000000-0000-4000-8000-000000000012', 'd0000000-0000-4000-8000-000000000003', 'bond', 'Family', 'Семья', 4)
ON CONFLICT DO NOTHING;

INSERT INTO emigro_wizard_questions (module_id, question_key, question_type, label_en, label_ru, help_en, help_ru, options, sort_order) VALUES
  ('e0000000-0000-4000-8000-000000000009', 'passport_iso2', 'single', 'Your passport', 'Ваш паспорт', 'Primary passport you will apply with', 'Паспорт, с которым будете подавать', '[{"value":"RU","label_en":"Russia","label_ru":"Россия"},{"value":"BY","label_en":"Belarus","label_ru":"Беларусь"},{"value":"UA","label_en":"Ukraine","label_ru":"Украина"},{"value":"KZ","label_en":"Kazakhstan","label_ru":"Казахстан"}]', 1),
  ('e0000000-0000-4000-8000-000000000010', 'remote_income', 'single', 'Stable remote income from abroad?', 'Стабильный удалённый доход из-за рубежа?', 'Salary or freelance from employers/clients outside destination country', 'Зарплата или фриланс от работодателей/клиентов вне страны назначения', '[{"value":"yes","label_en":"Yes","label_ru":"Да"},{"value":"no","label_en":"No","label_ru":"Нет"}]', 1),
  ('e0000000-0000-4000-8000-000000000010', 'monthly_income_eur', 'number', 'Monthly net income (EUR)', 'Месячный чистый доход (EUR)', NULL, NULL, NULL, 2),
  ('e0000000-0000-4000-8000-000000000010', 'has_job_offer', 'single', 'Signed job offer in destination country?', 'Подписанный оффер работы в стране назначения?', NULL, NULL, '[{"value":"yes","label_en":"Yes","label_ru":"Да"},{"value":"no","label_en":"No","label_ru":"Нет"}]', 3),
  ('e0000000-0000-4000-8000-000000000010', 'annual_salary_eur', 'number', 'Annual gross salary in offer (EUR)', 'Годовая брутто-зарплата в оффере (EUR)', NULL, NULL, NULL, 4),
  ('e0000000-0000-4000-8000-000000000011', 'passive_income_eur', 'number', 'Monthly passive income (EUR)', 'Месячный пассивный доход (EUR)', 'Pensions, rent, dividends — not salary', 'Пенсии, аренда, дивиденды — не зарплата', NULL, 1),
  ('e0000000-0000-4000-8000-000000000011', 'savings_eur', 'number', 'Liquid savings (EUR)', 'Ликвидные сбережения (EUR)', NULL, NULL, NULL, 2),
  ('e0000000-0000-4000-8000-000000000011', 'has_university_degree', 'single', 'Recognised university degree?', 'Признаваемый диплом вуза?', NULL, NULL, '[{"value":"yes","label_en":"Yes","label_ru":"Да"},{"value":"no","label_en":"No","label_ru":"Нет"}]', 3),
  ('e0000000-0000-4000-8000-000000000012', 'has_family_in_fr', 'single', 'Family member legally in Франция?', 'Член семьи легально в стране (Франция)?', 'Resident or citizen who can sponsor reunification', 'Резидент или гражданин для воссоединения', '[{"value":"yes","label_en":"Yes","label_ru":"Да"},{"value":"no","label_en":"No","label_ru":"Нет"}]', 1)
ON CONFLICT DO NOTHING;

-- Corridor: ru-speaking-to-italy
INSERT INTO emigro_corridors (id, slug, title_en, title_ru, audience_description_en, audience_description_ru, primary_passport_iso2)
VALUES ('a0000000-0000-4000-8000-000000000004', 'ru-speaking-to-italy', 'Russian-speaking → Italy', 'Русскоязычные → Италия', 'Relocation navigator for Russian-speaking applicants targeting Italy residency routes.', 'Навигатор релокации для русскоязычных заявителей с фокусом на маршруты ВНЖ в Италию.', 'RU')
ON CONFLICT (slug) DO NOTHING;

INSERT INTO emigro_corridor_passports (corridor_id, passport_iso2, support_level) VALUES
  ('a0000000-0000-4000-8000-000000000004', 'RU', 'primary'),
  ('a0000000-0000-4000-8000-000000000004', 'BY', 'secondary'),
  ('a0000000-0000-4000-8000-000000000004', 'UA', 'secondary'),
  ('a0000000-0000-4000-8000-000000000004', 'KZ', 'secondary')
ON CONFLICT DO NOTHING;

INSERT INTO emigro_corridor_destinations (corridor_id, destination_iso2) VALUES
  ('a0000000-0000-4000-8000-000000000004', 'IT')
ON CONFLICT DO NOTHING;

INSERT INTO emigro_programs (id, slug, destination_iso2, program_type, title_en, title_ru, summary_en, summary_ru) VALUES
  ('b0000000-0000-4000-8000-000000000010', 'italy-digital-nomad', 'IT', 'LABOR', 'Italy Digital Nomad Visa', 'Италия — digital nomad visa', 'Residence for highly qualified remote workers with foreign income.', 'ВНЖ для квалифицированных удалённых работников с зарубежным доходом.'),
  ('b0000000-0000-4000-8000-000000000011', 'italy-elective-residence', 'IT', 'CAPITAL', 'Italy Elective Residence', 'Италия — visto elettiva residenza', 'Residence for applicants with stable passive income from abroad.', 'ВНЖ для заявителей со стабильным пассивным доходом из-за рубежа.'),
  ('b0000000-0000-4000-8000-000000000012', 'italy-family-reunification', 'IT', 'BOND', 'Italy Family Reunification', 'Италия — воссоединение семьи', 'Join a family member legally residing in Italy.', 'Присоединение к члену семьи с легальным статусом в Италии.')
ON CONFLICT (slug) DO NOTHING;

INSERT INTO emigro_corridor_programs (corridor_id, program_id, sort_order, is_featured) VALUES
  ('a0000000-0000-4000-8000-000000000004', 'b0000000-0000-4000-8000-000000000010', 1, true),
  ('a0000000-0000-4000-8000-000000000004', 'b0000000-0000-4000-8000-000000000011', 2, true),
  ('a0000000-0000-4000-8000-000000000004', 'b0000000-0000-4000-8000-000000000012', 3, true)
ON CONFLICT DO NOTHING;

INSERT INTO emigro_program_versions (id, program_id, version_label, eligibility_rule) VALUES
  ('c0000000-0000-4000-8000-000000000013', 'b0000000-0000-4000-8000-000000000010', '2026-01', '{"and":[{"==":[{"var":"passport_iso2"},"RU"]},{"==":[{"var":"remote_income"},"yes"]},{">=":[{"var":"monthly_income_eur"},2334]}]}'),
  ('c0000000-0000-4000-8000-000000000014', 'b0000000-0000-4000-8000-000000000011', '2026-01', '{"and":[{"==":[{"var":"passport_iso2"},"RU"]},{"or":[{">=":[{"var":"passive_income_eur"},2583]},{">=":[{"var":"savings_eur"},31000]}]}]}'),
  ('c0000000-0000-4000-8000-000000000015', 'b0000000-0000-4000-8000-000000000012', '2026-01', '{"and":[{"==":[{"var":"passport_iso2"},"RU"]},{"==":[{"var":"has_family_in_it"},"yes"]}]}')
ON CONFLICT DO NOTHING;

INSERT INTO emigro_program_requirements (program_version_id, requirement_type, label_en, label_ru, value_text, sort_order) VALUES
  ('c0000000-0000-4000-8000-000000000013', 'income', 'Minimum annual income', 'Минимальный годовой доход', '€28,000/year (~€2,334/month net equivalent, 2026)', 1),
  ('c0000000-0000-4000-8000-000000000013', 'documents', 'Remote work proof', 'Подтверждение удалённой работы', 'Contract, tax returns, professional qualification', 2),
  ('c0000000-0000-4000-8000-000000000013', 'insurance', 'Health insurance', 'Медстраховка', 'Valid in Italy for entire stay', 3),
  ('c0000000-0000-4000-8000-000000000014', 'income', 'Passive income threshold', 'Порог пассивного дохода', '€31,000/year (~€2,583/month) from pensions, rent, dividends', 1),
  ('c0000000-0000-4000-8000-000000000014', 'documents', 'No work in Italy', 'Без работы в Италии', 'Sworn declaration; remote salaried work not permitted', 2),
  ('c0000000-0000-4000-8000-000000000014', 'insurance', 'Health insurance', 'Медстраховка', 'Private coverage or enrollment if eligible', 3),
  ('c0000000-0000-4000-8000-000000000015', 'family', 'Sponsor in Italy', 'Спонсор в Италии', 'Legal resident with qualifying family tie', 1),
  ('c0000000-0000-4000-8000-000000000015', 'income', 'Sponsor income', 'Доход спонсора', 'Above social allowance (assegno sociale) minimums', 2)
ON CONFLICT DO NOTHING;

INSERT INTO emigro_program_costs (program_version_id, label_en, label_ru, amount_text, sort_order) VALUES
  ('c0000000-0000-4000-8000-000000000013', 'Consular fee', 'Консульский сбор', '€116 (indicative)', 1),
  ('c0000000-0000-4000-8000-000000000013', 'Permesso di soggiorno', 'Permesso di soggiorno', '€40–100', 2),
  ('c0000000-0000-4000-8000-000000000014', 'Consular fee', 'Консульский сбор', '€116', 1),
  ('c0000000-0000-4000-8000-000000000014', 'Housing proof', 'Подтверждение жилья', 'Varies (lease or ownership)', 2),
  ('c0000000-0000-4000-8000-000000000015', 'Consular & permit fees', 'Консульство и permesso', '€116 + €40–100', 1)
ON CONFLICT DO NOTHING;

INSERT INTO emigro_program_timeline_steps (program_version_id, step_type, title_en, title_ru, duration_text, sort_order) VALUES
  ('c0000000-0000-4000-8000-000000000013', 'document_prep', 'Income & qualification dossier', 'Досье дохода и квалификации', '2–4 weeks', 1),
  ('c0000000-0000-4000-8000-000000000013', 'application', 'Consulate nulla osta / visa', 'Консульство nulla osta / виза', '1–3 months', 2),
  ('c0000000-0000-4000-8000-000000000013', 'residence', 'Permesso di soggiorno', 'Permesso di soggiorno', '2–4 months', 3),
  ('c0000000-0000-4000-8000-000000000014', 'document_prep', 'Passive income proof', 'Подтверждение пассивного дохода', '2–6 weeks', 1),
  ('c0000000-0000-4000-8000-000000000014', 'application', 'Consulate application', 'Подача в консульство', '1–3 months', 2),
  ('c0000000-0000-4000-8000-000000000014', 'residence', 'Permesso (1+2+2)', 'Permesso (1+2+2)', '2–4 months', 3),
  ('c0000000-0000-4000-8000-000000000015', 'document_prep', 'Nulla osta preparation', 'Подготовка nulla osta', '2–8 weeks', 1),
  ('c0000000-0000-4000-8000-000000000015', 'application', 'Family reunification visa', 'Виза воссоединения', '2–4 months', 2),
  ('c0000000-0000-4000-8000-000000000015', 'residence', 'Family permesso', 'Семейный permesso', '2–4 months', 3)
ON CONFLICT DO NOTHING;

INSERT INTO emigro_program_sources (program_version_id, source_url, raw_excerpt, last_verified, label_en, label_ru) VALUES
  ('c0000000-0000-4000-8000-000000000013', 'https://www.interno.gov.it/it/temi/immigrazione-e-asilo/modalita-dingresso/digital-nomad-visa', 'Digital nomad visa — minimum income €28,000/year for remote highly qualified workers.', '2026-06-01', 'Ministero dell''Interno — digital nomad', 'Ministero dell''Interno — digital nomad'),
  ('c0000000-0000-4000-8000-000000000014', 'https://www.interno.gov.it/it/temi/immigrazione-e-asilo/modalita-dingresso/elective-residence-visa', 'Elective residence visa — proof of stable passive income (€31,000/year threshold, 2026).', '2026-06-01', 'Ministero dell''Interno — elettiva residenza', 'Ministero dell''Interno — elettiva residenza'),
  ('c0000000-0000-4000-8000-000000000015', 'https://www.interno.gov.it/it/temi/immigrazione-e-asilo/soggiorno-di-lungo-periodo/ricongiungimento-familiare', 'Ricongiungimento familiare — family reunification for legal residents.', '2026-06-01', 'Ministero dell''Interno — ricongiungimento', 'Ministero dell''Interno — ricongiungimento')
ON CONFLICT DO NOTHING;

INSERT INTO emigro_passport_eligibility (program_version_id, passport_iso2, status, notes_en, notes_ru) VALUES
  ('c0000000-0000-4000-8000-000000000013', 'RU', 'eligible', 'Apply via consulate/VFS where available', 'Подача через консульство/VFS где доступно'),
  ('c0000000-0000-4000-8000-000000000013', 'BY', 'partial', 'Check consulate jurisdiction', 'Уточнить юрисдикцию консульства'),
  ('c0000000-0000-4000-8000-000000000013', 'UA', 'partial', 'Check consulate jurisdiction', 'Уточнить юрисдикцию консульства'),
  ('c0000000-0000-4000-8000-000000000013', 'KZ', 'partial', 'Check consulate jurisdiction', 'Уточнить юрисдикцию консульства'),
  ('c0000000-0000-4000-8000-000000000014', 'RU', 'eligible', 'Apply via consulate/VFS where available', 'Подача через консульство/VFS где доступно'),
  ('c0000000-0000-4000-8000-000000000014', 'BY', 'partial', 'Check consulate jurisdiction', 'Уточнить юрисдикцию консульства'),
  ('c0000000-0000-4000-8000-000000000014', 'UA', 'partial', 'Check consulate jurisdiction', 'Уточнить юрисдикцию консульства'),
  ('c0000000-0000-4000-8000-000000000014', 'KZ', 'partial', 'Check consulate jurisdiction', 'Уточнить юрисдикцию консульства'),
  ('c0000000-0000-4000-8000-000000000015', 'RU', 'eligible', 'Apply via consulate/VFS where available', 'Подача через консульство/VFS где доступно'),
  ('c0000000-0000-4000-8000-000000000015', 'BY', 'partial', 'Check consulate jurisdiction', 'Уточнить юрисдикцию консульства'),
  ('c0000000-0000-4000-8000-000000000015', 'UA', 'partial', 'Check consulate jurisdiction', 'Уточнить юрисдикцию консульства'),
  ('c0000000-0000-4000-8000-000000000015', 'KZ', 'partial', 'Check consulate jurisdiction', 'Уточнить юрисдикцию консульства')
ON CONFLICT DO NOTHING;

INSERT INTO emigro_corridor_digest_items (corridor_id, category, title_en, title_ru, body_en, body_ru, source_url, last_verified, sort_order) VALUES
  ('a0000000-0000-4000-8000-000000000004', 'citizenship', 'Citizenship language (B1)', 'Язык для гражданства (B1)', 'Naturalization generally requires 10 years legal residence and Italian B1 (CELI/CILS/PLIDA or equivalent).', 'Натурализация — как правило 10 лет легального проживания и итальянский B1 (CELI/CILS/PLIDA).', 'https://www.interno.gov.it/', '2026-06-01', 1),
  ('a0000000-0000-4000-8000-000000000004', 'exam', 'CELI B1 structure', 'Структура CELI B1', 'CELI B1 assesses reading, writing, listening, speaking. Plan 6–10 months from zero.', 'CELI B1 проверяет чтение, письмо, аудирование, говорение. С нуля — 6–10 месяцев.', 'https://www.cvcl.it/en/celi', '2026-06-01', 2),
  ('a0000000-0000-4000-8000-000000000004', 'timeline', 'Residence → citizenship', 'ВНЖ → гражданство', 'Typical: visa → permesso renewals → 10 years → B1 → citizenship application (24–36 months processing).', 'Типично: виза → продления permesso → 10 лет → B1 → гражданство (24–36 мес.).', NULL, '2026-06-01', 3),
  ('a0000000-0000-4000-8000-000000000004', 'practical', 'Codice fiscale & anagrafe', 'Codice fiscale и anagrafe', 'Tax code (codice fiscale) and municipal registration (anagrafe) are required early for banking and permits.', 'Налоговый код (codice fiscale) и регистрация в comune (anagrafe) нужны для банка и permesso.', NULL, '2026-06-01', 4),
  ('a0000000-0000-4000-8000-000000000004', 'practical', 'Questura appointments', 'Запись в Questura', 'Permesso di soggiorno is issued by local Questura. Appointment availability varies by city.', 'Permesso выдаёт Questura. Сроки записи зависят от города.', 'https://www.poliziadistato.it/', '2026-06-01', 5)
ON CONFLICT DO NOTHING;

INSERT INTO emigro_wizard_definitions (id, corridor_id, slug, title_en, title_ru) VALUES
  ('d0000000-0000-4000-8000-000000000004', 'a0000000-0000-4000-8000-000000000004', 'italy-routes', 'Italy route finder', 'Подбор маршрута — Италия')
ON CONFLICT DO NOTHING;

INSERT INTO emigro_wizard_modules (id, wizard_id, module_key, title_en, title_ru, sort_order) VALUES
  ('e0000000-0000-4000-8000-000000000013', 'd0000000-0000-4000-8000-000000000004', 'core', 'Basics', 'Основное', 1),
  ('e0000000-0000-4000-8000-000000000014', 'd0000000-0000-4000-8000-000000000004', 'labor', 'Work & remote', 'Работа и удалёнка', 2),
  ('e0000000-0000-4000-8000-000000000015', 'd0000000-0000-4000-8000-000000000004', 'capital', 'Passive income & savings', 'Пассивный доход и сбережения', 3),
  ('e0000000-0000-4000-8000-000000000016', 'd0000000-0000-4000-8000-000000000004', 'bond', 'Family', 'Семья', 4)
ON CONFLICT DO NOTHING;

INSERT INTO emigro_wizard_questions (module_id, question_key, question_type, label_en, label_ru, help_en, help_ru, options, sort_order) VALUES
  ('e0000000-0000-4000-8000-000000000013', 'passport_iso2', 'single', 'Your passport', 'Ваш паспорт', 'Primary passport you will apply with', 'Паспорт, с которым будете подавать', '[{"value":"RU","label_en":"Russia","label_ru":"Россия"},{"value":"BY","label_en":"Belarus","label_ru":"Беларусь"},{"value":"UA","label_en":"Ukraine","label_ru":"Украина"},{"value":"KZ","label_en":"Kazakhstan","label_ru":"Казахстан"}]', 1),
  ('e0000000-0000-4000-8000-000000000014', 'remote_income', 'single', 'Stable remote income from abroad?', 'Стабильный удалённый доход из-за рубежа?', 'Salary or freelance from employers/clients outside destination country', 'Зарплата или фриланс от работодателей/клиентов вне страны назначения', '[{"value":"yes","label_en":"Yes","label_ru":"Да"},{"value":"no","label_en":"No","label_ru":"Нет"}]', 1),
  ('e0000000-0000-4000-8000-000000000014', 'monthly_income_eur', 'number', 'Monthly net income (EUR)', 'Месячный чистый доход (EUR)', NULL, NULL, NULL, 2),
  ('e0000000-0000-4000-8000-000000000014', 'has_job_offer', 'single', 'Signed job offer in destination country?', 'Подписанный оффер работы в стране назначения?', NULL, NULL, '[{"value":"yes","label_en":"Yes","label_ru":"Да"},{"value":"no","label_en":"No","label_ru":"Нет"}]', 3),
  ('e0000000-0000-4000-8000-000000000014', 'annual_salary_eur', 'number', 'Annual gross salary in offer (EUR)', 'Годовая брутто-зарплата в оффере (EUR)', NULL, NULL, NULL, 4),
  ('e0000000-0000-4000-8000-000000000015', 'passive_income_eur', 'number', 'Monthly passive income (EUR)', 'Месячный пассивный доход (EUR)', 'Pensions, rent, dividends — not salary', 'Пенсии, аренда, дивиденды — не зарплата', NULL, 1),
  ('e0000000-0000-4000-8000-000000000015', 'savings_eur', 'number', 'Liquid savings (EUR)', 'Ликвидные сбережения (EUR)', NULL, NULL, NULL, 2),
  ('e0000000-0000-4000-8000-000000000015', 'has_university_degree', 'single', 'Recognised university degree?', 'Признаваемый диплом вуза?', NULL, NULL, '[{"value":"yes","label_en":"Yes","label_ru":"Да"},{"value":"no","label_en":"No","label_ru":"Нет"}]', 3),
  ('e0000000-0000-4000-8000-000000000016', 'has_family_in_it', 'single', 'Family member legally in Италия?', 'Член семьи легально в стране (Италия)?', 'Resident or citizen who can sponsor reunification', 'Резидент или гражданин для воссоединения', '[{"value":"yes","label_en":"Yes","label_ru":"Да"},{"value":"no","label_en":"No","label_ru":"Нет"}]', 1)
ON CONFLICT DO NOTHING;

-- Corridor: ru-speaking-to-germany
INSERT INTO emigro_corridors (id, slug, title_en, title_ru, audience_description_en, audience_description_ru, primary_passport_iso2)
VALUES ('a0000000-0000-4000-8000-000000000005', 'ru-speaking-to-germany', 'Russian-speaking → Germany', 'Русскоязычные → Германия', 'Relocation navigator for Russian-speaking applicants targeting Germany residency routes.', 'Навигатор релокации для русскоязычных заявителей с фокусом на маршруты ВНЖ в Германию.', 'RU')
ON CONFLICT (slug) DO NOTHING;

INSERT INTO emigro_corridor_passports (corridor_id, passport_iso2, support_level) VALUES
  ('a0000000-0000-4000-8000-000000000005', 'RU', 'primary'),
  ('a0000000-0000-4000-8000-000000000005', 'BY', 'secondary'),
  ('a0000000-0000-4000-8000-000000000005', 'UA', 'secondary'),
  ('a0000000-0000-4000-8000-000000000005', 'KZ', 'secondary')
ON CONFLICT DO NOTHING;

INSERT INTO emigro_corridor_destinations (corridor_id, destination_iso2) VALUES
  ('a0000000-0000-4000-8000-000000000005', 'DE')
ON CONFLICT DO NOTHING;

INSERT INTO emigro_programs (id, slug, destination_iso2, program_type, title_en, title_ru, summary_en, summary_ru) VALUES
  ('b0000000-0000-4000-8000-000000000013', 'germany-eu-blue-card', 'DE', 'LABOR', 'Germany EU Blue Card', 'Германия — EU Blue Card', 'Residence for university graduates with a qualified job meeting salary threshold.', 'ВНЖ для выпускников вузов с квалифицированной работой и порогом зарплаты.'),
  ('b0000000-0000-4000-8000-000000000014', 'germany-chancenkarte', 'DE', 'LABOR', 'Germany Chancenkarte (Opportunity Card)', 'Германия — Chancenkarte', 'Job-seeker residence based on points (degree, experience, language) with proof of funds.', 'ВНЖ для поиска работы по системе баллов с подтверждением средств.'),
  ('b0000000-0000-4000-8000-000000000015', 'germany-family-reunification', 'DE', 'BOND', 'Germany Family Reunification', 'Германия — воссоединение семьи', 'Join a spouse or family member legally residing in Germany.', 'Присоединение к супругу или члену семьи с легальным статусом в Германии.')
ON CONFLICT (slug) DO NOTHING;

INSERT INTO emigro_corridor_programs (corridor_id, program_id, sort_order, is_featured) VALUES
  ('a0000000-0000-4000-8000-000000000005', 'b0000000-0000-4000-8000-000000000013', 1, true),
  ('a0000000-0000-4000-8000-000000000005', 'b0000000-0000-4000-8000-000000000014', 2, true),
  ('a0000000-0000-4000-8000-000000000005', 'b0000000-0000-4000-8000-000000000015', 3, true)
ON CONFLICT DO NOTHING;

INSERT INTO emigro_program_versions (id, program_id, version_label, eligibility_rule) VALUES
  ('c0000000-0000-4000-8000-000000000016', 'b0000000-0000-4000-8000-000000000013', '2026-01', '{"and":[{"==":[{"var":"passport_iso2"},"RU"]},{"==":[{"var":"has_job_offer"},"yes"]},{">=":[{"var":"annual_salary_eur"},45934]}]}'),
  ('c0000000-0000-4000-8000-000000000017', 'b0000000-0000-4000-8000-000000000014', '2026-01', '{"and":[{"==":[{"var":"passport_iso2"},"RU"]},{">=":[{"var":"savings_eur"},13092]},{"==":[{"var":"has_university_degree"},"yes"]}]}'),
  ('c0000000-0000-4000-8000-000000000018', 'b0000000-0000-4000-8000-000000000015', '2026-01', '{"and":[{"==":[{"var":"passport_iso2"},"RU"]},{"==":[{"var":"has_family_in_de"},"yes"]}]}')
ON CONFLICT DO NOTHING;

INSERT INTO emigro_program_requirements (program_version_id, requirement_type, label_en, label_ru, value_text, sort_order) VALUES
  ('c0000000-0000-4000-8000-000000000016', 'income', 'Minimum gross salary', 'Минимальная брутто-зарплата', '€45,934/year (2026 — shortage occupations / new graduates threshold)', 1),
  ('c0000000-0000-4000-8000-000000000016', 'documents', 'University degree', 'Диплом вуза', 'Recognised degree or comparable qualification', 2),
  ('c0000000-0000-4000-8000-000000000016', 'documents', 'Employment contract', 'Трудовой договор', 'Binding job offer with German employer', 3),
  ('c0000000-0000-4000-8000-000000000017', 'savings', 'Proof of funds', 'Подтверждение средств', '€13,092 (12 months at standard rate, 2026)', 1),
  ('c0000000-0000-4000-8000-000000000017', 'documents', 'Points eligibility', 'Балльная система', 'Degree + language/experience to reach 6 points (verify current BMAS table)', 2),
  ('c0000000-0000-4000-8000-000000000017', 'documents', 'No employment yet', 'Без работы на старте', 'Job search permitted; employment converts to work permit', 3),
  ('c0000000-0000-4000-8000-000000000018', 'family', 'Sponsor in Germany', 'Спонсор в Германии', 'Spouse, minor child, or qualifying relative', 1),
  ('c0000000-0000-4000-8000-000000000018', 'documents', 'Basic German (spouses)', 'Базовый немецкий (супруги)', 'A1 certificate often required for spouse reunification', 2)
ON CONFLICT DO NOTHING;

INSERT INTO emigro_program_costs (program_version_id, label_en, label_ru, amount_text, sort_order) VALUES
  ('c0000000-0000-4000-8000-000000000016', 'Visa fee', 'Визовый сбор', '€75', 1),
  ('c0000000-0000-4000-8000-000000000016', 'Residence permit (local)', 'ВНЖ (местная подача)', '€100 (indicative)', 2),
  ('c0000000-0000-4000-8000-000000000017', 'Visa fee', 'Визовый сбор', '€75', 1),
  ('c0000000-0000-4000-8000-000000000017', 'Blocked account alternative', 'Альтернатива — blocked account', '€13,092 deposit', 2),
  ('c0000000-0000-4000-8000-000000000018', 'Visa & permit fees', 'Виза и ВНЖ', '€75 + €100', 1)
ON CONFLICT DO NOTHING;

INSERT INTO emigro_program_timeline_steps (program_version_id, step_type, title_en, title_ru, duration_text, sort_order) VALUES
  ('c0000000-0000-4000-8000-000000000016', 'document_prep', 'Degree recognition & contract', 'Признание диплома и контракт', '2–8 weeks', 1),
  ('c0000000-0000-4000-8000-000000000016', 'application', 'Consulate / Ausländerbehörde', 'Консульство / Ausländerbehörde', '1–3 months', 2),
  ('c0000000-0000-4000-8000-000000000016', 'residence', 'Blue Card issuance', 'Выдача Blue Card', '2–6 weeks after arrival', 3),
  ('c0000000-0000-4000-8000-000000000017', 'document_prep', 'Points calculation & funds', 'Расчёт баллов и средств', '2–4 weeks', 1),
  ('c0000000-0000-4000-8000-000000000017', 'application', 'Consulate application', 'Подача в консульство', '1–3 months', 2),
  ('c0000000-0000-4000-8000-000000000017', 'residence', 'Chancenkarte (up to 12 months)', 'Chancenkarte (до 12 мес.)', '2–4 weeks after arrival', 3),
  ('c0000000-0000-4000-8000-000000000018', 'document_prep', 'Relationship & language proof', 'Родство и язык', '2–8 weeks', 1),
  ('c0000000-0000-4000-8000-000000000018', 'application', 'Consulate / embassy', 'Консульство', '2–4 months', 2),
  ('c0000000-0000-4000-8000-000000000018', 'residence', 'Family residence permit', 'Семейный ВНЖ', '2–6 weeks', 3)
ON CONFLICT DO NOTHING;

INSERT INTO emigro_program_sources (program_version_id, source_url, raw_excerpt, last_verified, label_en, label_ru) VALUES
  ('c0000000-0000-4000-8000-000000000016', 'https://www.make-it-in-germany.com/en/visa-residence/types/eu-blue-card', 'EU Blue Card 2026 — minimum gross salary €45,934 for shortage occupations and new graduates.', '2026-06-01', 'Make it in Germany — Blue Card', 'Make it in Germany — Blue Card'),
  ('c0000000-0000-4000-8000-000000000017', 'https://www.make-it-in-germany.com/en/visa-residence/chancenkarte', 'Opportunity Card — proof of funds €13,092 for 12 months; points-based eligibility.', '2026-06-01', 'Make it in Germany — Chancenkarte', 'Make it in Germany — Chancenkarte'),
  ('c0000000-0000-4000-8000-000000000018', 'https://www.make-it-in-germany.com/en/visa-residence/family-reunion', 'Family reunification for spouses and family members of legal residents.', '2026-06-01', 'Make it in Germany — family reunion', 'Make it in Germany — family reunion')
ON CONFLICT DO NOTHING;

INSERT INTO emigro_passport_eligibility (program_version_id, passport_iso2, status, notes_en, notes_ru) VALUES
  ('c0000000-0000-4000-8000-000000000016', 'RU', 'eligible', 'Apply via consulate/VFS where available', 'Подача через консульство/VFS где доступно'),
  ('c0000000-0000-4000-8000-000000000016', 'BY', 'partial', 'Check consulate jurisdiction', 'Уточнить юрисдикцию консульства'),
  ('c0000000-0000-4000-8000-000000000016', 'UA', 'partial', 'Check consulate jurisdiction', 'Уточнить юрисдикцию консульства'),
  ('c0000000-0000-4000-8000-000000000016', 'KZ', 'partial', 'Check consulate jurisdiction', 'Уточнить юрисдикцию консульства'),
  ('c0000000-0000-4000-8000-000000000017', 'RU', 'eligible', 'Apply via consulate/VFS where available', 'Подача через консульство/VFS где доступно'),
  ('c0000000-0000-4000-8000-000000000017', 'BY', 'partial', 'Check consulate jurisdiction', 'Уточнить юрисдикцию консульства'),
  ('c0000000-0000-4000-8000-000000000017', 'UA', 'partial', 'Check consulate jurisdiction', 'Уточнить юрисдикцию консульства'),
  ('c0000000-0000-4000-8000-000000000017', 'KZ', 'partial', 'Check consulate jurisdiction', 'Уточнить юрисдикцию консульства'),
  ('c0000000-0000-4000-8000-000000000018', 'RU', 'eligible', 'Apply via consulate/VFS where available', 'Подача через консульство/VFS где доступно'),
  ('c0000000-0000-4000-8000-000000000018', 'BY', 'partial', 'Check consulate jurisdiction', 'Уточнить юрисдикцию консульства'),
  ('c0000000-0000-4000-8000-000000000018', 'UA', 'partial', 'Check consulate jurisdiction', 'Уточнить юрисдикцию консульства'),
  ('c0000000-0000-4000-8000-000000000018', 'KZ', 'partial', 'Check consulate jurisdiction', 'Уточнить юрисдикцию консульства')
ON CONFLICT DO NOTHING;

INSERT INTO emigro_corridor_digest_items (corridor_id, category, title_en, title_ru, body_en, body_ru, source_url, last_verified, sort_order) VALUES
  ('a0000000-0000-4000-8000-000000000005', 'citizenship', 'Naturalization (B1 + 5 years)', 'Натурализация (B1 + 5 лет)', 'Standard naturalization: 5 years legal residence, B1 German, livelihood, clean record. Reforms may shorten to 3–5 years — verify current StAG.', 'Стандарт: 5 лет легального проживания, B1, средства к существованию. Реформы могут сократить срок — проверяйте StAG.', 'https://www.bmi.bund.de/', '2026-06-01', 1),
  ('a0000000-0000-4000-8000-000000000005', 'exam', 'Goethe B1 / telc B1', 'Goethe B1 / telc B1', 'B1 certificate from Goethe-Institut, telc, or ÖSD is standard for naturalization and some permits.', 'Сертификат B1 (Goethe, telc, ÖSD) — стандарт для натурализации и части ВНЖ.', 'https://www.goethe.de/', '2026-06-01', 2),
  ('a0000000-0000-4000-8000-000000000005', 'timeline', 'Blue Card → permanent residence', 'Blue Card → ПМЖ', 'Blue Card holders may qualify for Niederlassungserlaubnis after 21–33 months depending on language and pension contributions.', 'Держатели Blue Card могут получить Niederlassungserlaubnis через 21–33 мес. при условии языка и взносов.', NULL, '2026-06-01', 3),
  ('a0000000-0000-4000-8000-000000000005', 'practical', 'Anmeldung & health insurance', 'Anmeldung и страховка', 'Register address (Anmeldung) within 2 weeks. Statutory or private health insurance is mandatory.', 'Регистрация адреса (Anmeldung) в течение 2 недель. Обязательна государственная или частная страховка.', NULL, '2026-06-01', 4),
  ('a0000000-0000-4000-8000-000000000005', 'practical', 'Ausländerbehörde wait times', 'Очереди Ausländerbehörde', 'Local immigration offices have long queues in major cities — book appointments early.', 'В крупных городах длинные очереди в Ausländerbehörde — записывайтесь заранее.', 'https://www.make-it-in-germany.com/', '2026-06-01', 5)
ON CONFLICT DO NOTHING;

INSERT INTO emigro_wizard_definitions (id, corridor_id, slug, title_en, title_ru) VALUES
  ('d0000000-0000-4000-8000-000000000005', 'a0000000-0000-4000-8000-000000000005', 'germany-routes', 'Germany route finder', 'Подбор маршрута — Германия')
ON CONFLICT DO NOTHING;

INSERT INTO emigro_wizard_modules (id, wizard_id, module_key, title_en, title_ru, sort_order) VALUES
  ('e0000000-0000-4000-8000-000000000017', 'd0000000-0000-4000-8000-000000000005', 'core', 'Basics', 'Основное', 1),
  ('e0000000-0000-4000-8000-000000000018', 'd0000000-0000-4000-8000-000000000005', 'labor', 'Work & remote', 'Работа и удалёнка', 2),
  ('e0000000-0000-4000-8000-000000000019', 'd0000000-0000-4000-8000-000000000005', 'capital', 'Passive income & savings', 'Пассивный доход и сбережения', 3),
  ('e0000000-0000-4000-8000-000000000020', 'd0000000-0000-4000-8000-000000000005', 'bond', 'Family', 'Семья', 4)
ON CONFLICT DO NOTHING;

INSERT INTO emigro_wizard_questions (module_id, question_key, question_type, label_en, label_ru, help_en, help_ru, options, sort_order) VALUES
  ('e0000000-0000-4000-8000-000000000017', 'passport_iso2', 'single', 'Your passport', 'Ваш паспорт', 'Primary passport you will apply with', 'Паспорт, с которым будете подавать', '[{"value":"RU","label_en":"Russia","label_ru":"Россия"},{"value":"BY","label_en":"Belarus","label_ru":"Беларусь"},{"value":"UA","label_en":"Ukraine","label_ru":"Украина"},{"value":"KZ","label_en":"Kazakhstan","label_ru":"Казахстан"}]', 1),
  ('e0000000-0000-4000-8000-000000000018', 'remote_income', 'single', 'Stable remote income from abroad?', 'Стабильный удалённый доход из-за рубежа?', 'Salary or freelance from employers/clients outside destination country', 'Зарплата или фриланс от работодателей/клиентов вне страны назначения', '[{"value":"yes","label_en":"Yes","label_ru":"Да"},{"value":"no","label_en":"No","label_ru":"Нет"}]', 1),
  ('e0000000-0000-4000-8000-000000000018', 'monthly_income_eur', 'number', 'Monthly net income (EUR)', 'Месячный чистый доход (EUR)', NULL, NULL, NULL, 2),
  ('e0000000-0000-4000-8000-000000000018', 'has_job_offer', 'single', 'Signed job offer in destination country?', 'Подписанный оффер работы в стране назначения?', NULL, NULL, '[{"value":"yes","label_en":"Yes","label_ru":"Да"},{"value":"no","label_en":"No","label_ru":"Нет"}]', 3),
  ('e0000000-0000-4000-8000-000000000018', 'annual_salary_eur', 'number', 'Annual gross salary in offer (EUR)', 'Годовая брутто-зарплата в оффере (EUR)', NULL, NULL, NULL, 4),
  ('e0000000-0000-4000-8000-000000000019', 'passive_income_eur', 'number', 'Monthly passive income (EUR)', 'Месячный пассивный доход (EUR)', 'Pensions, rent, dividends — not salary', 'Пенсии, аренда, дивиденды — не зарплата', NULL, 1),
  ('e0000000-0000-4000-8000-000000000019', 'savings_eur', 'number', 'Liquid savings (EUR)', 'Ликвидные сбережения (EUR)', NULL, NULL, NULL, 2),
  ('e0000000-0000-4000-8000-000000000019', 'has_university_degree', 'single', 'Recognised university degree?', 'Признаваемый диплом вуза?', NULL, NULL, '[{"value":"yes","label_en":"Yes","label_ru":"Да"},{"value":"no","label_en":"No","label_ru":"Нет"}]', 3),
  ('e0000000-0000-4000-8000-000000000020', 'has_family_in_de', 'single', 'Family member legally in Германия?', 'Член семьи легально в стране (Германия)?', 'Resident or citizen who can sponsor reunification', 'Резидент или гражданин для воссоединения', '[{"value":"yes","label_en":"Yes","label_ru":"Да"},{"value":"no","label_en":"No","label_ru":"Нет"}]', 1)
ON CONFLICT DO NOTHING;

-- Corridor: ru-speaking-to-netherlands
INSERT INTO emigro_corridors (id, slug, title_en, title_ru, audience_description_en, audience_description_ru, primary_passport_iso2)
VALUES ('a0000000-0000-4000-8000-000000000006', 'ru-speaking-to-netherlands', 'Russian-speaking → Netherlands', 'Русскоязычные → Нидерланды', 'Relocation navigator for Russian-speaking applicants targeting Netherlands residency routes.', 'Навигатор релокации для русскоязычных заявителей с фокусом на маршруты ВНЖ в Нидерланды.', 'RU')
ON CONFLICT (slug) DO NOTHING;

INSERT INTO emigro_corridor_passports (corridor_id, passport_iso2, support_level) VALUES
  ('a0000000-0000-4000-8000-000000000006', 'RU', 'primary'),
  ('a0000000-0000-4000-8000-000000000006', 'BY', 'secondary'),
  ('a0000000-0000-4000-8000-000000000006', 'UA', 'secondary'),
  ('a0000000-0000-4000-8000-000000000006', 'KZ', 'secondary')
ON CONFLICT DO NOTHING;

INSERT INTO emigro_corridor_destinations (corridor_id, destination_iso2) VALUES
  ('a0000000-0000-4000-8000-000000000006', 'NL')
ON CONFLICT DO NOTHING;

INSERT INTO emigro_programs (id, slug, destination_iso2, program_type, title_en, title_ru, summary_en, summary_ru) VALUES
  ('b0000000-0000-4000-8000-000000000016', 'netherlands-hsm', 'NL', 'LABOR', 'Netherlands Highly Skilled Migrant', 'Нидерланды — highly skilled migrant', 'Work residence for employees of IND-registered sponsors meeting salary thresholds.', 'Рабочий ВНЖ для сотрудников IND-спонсоров с порогом зарплаты.'),
  ('b0000000-0000-4000-8000-000000000017', 'netherlands-startup-facilitator', 'NL', 'LABOR', 'Netherlands Startup Facilitator', 'Нидерланды — startup facilitator', 'Residence for innovative startups with an approved facilitator; case-by-case assessment.', 'ВНЖ для инновационных стартапов с одобренным facilitator; оценка индивидуально.'),
  ('b0000000-0000-4000-8000-000000000018', 'netherlands-family-reunification', 'NL', 'BOND', 'Netherlands Family Reunification', 'Нидерланды — воссоединение семьи', 'Join a family member legally residing in the Netherlands.', 'Присоединение к члену семьи с легальным статусом в Нидерландах.')
ON CONFLICT (slug) DO NOTHING;

INSERT INTO emigro_corridor_programs (corridor_id, program_id, sort_order, is_featured) VALUES
  ('a0000000-0000-4000-8000-000000000006', 'b0000000-0000-4000-8000-000000000016', 1, true),
  ('a0000000-0000-4000-8000-000000000006', 'b0000000-0000-4000-8000-000000000017', 2, true),
  ('a0000000-0000-4000-8000-000000000006', 'b0000000-0000-4000-8000-000000000018', 3, true)
ON CONFLICT DO NOTHING;

INSERT INTO emigro_program_versions (id, program_id, version_label, eligibility_rule) VALUES
  ('c0000000-0000-4000-8000-000000000019', 'b0000000-0000-4000-8000-000000000016', '2026-01', '{"and":[{"==":[{"var":"passport_iso2"},"RU"]},{"==":[{"var":"has_job_offer"},"yes"]},{">=":[{"var":"monthly_income_eur"},4357]}]}'),
  ('c0000000-0000-4000-8000-000000000020', 'b0000000-0000-4000-8000-000000000017', '2026-01', '{"and":[{"==":[{"var":"passport_iso2"},"RU"]},{"==":[{"var":"has_university_degree"},"yes"]}]}'),
  ('c0000000-0000-4000-8000-000000000021', 'b0000000-0000-4000-8000-000000000018', '2026-01', '{"and":[{"==":[{"var":"passport_iso2"},"RU"]},{"==":[{"var":"has_family_in_nl"},"yes"]}]}')
ON CONFLICT DO NOTHING;

INSERT INTO emigro_program_requirements (program_version_id, requirement_type, label_en, label_ru, value_text, sort_order) VALUES
  ('c0000000-0000-4000-8000-000000000019', 'income', 'Minimum gross monthly salary', 'Минимальная брутто-зарплата', '€4,357/month gross (under 30, 2026 IND table — wizard default)', 1),
  ('c0000000-0000-4000-8000-000000000019', 'documents', 'Recognised sponsor', 'Recognised sponsor', 'Employer must be IND-registered sponsor', 2),
  ('c0000000-0000-4000-8000-000000000019', 'insurance', 'Health insurance', 'Медстраховка', 'Dutch basic health insurance after arrival', 3),
  ('c0000000-0000-4000-8000-000000000020', 'documents', 'Approved facilitator', 'Одобренный facilitator', 'Contract with IND-listed startup facilitator mandatory', 1),
  ('c0000000-0000-4000-8000-000000000020', 'documents', 'Innovative product/service', 'Инновационный продукт', 'Business plan reviewed by facilitator', 2),
  ('c0000000-0000-4000-8000-000000000020', 'insurance', 'Health insurance', 'Медстраховка', 'Coverage in Netherlands', 3),
  ('c0000000-0000-4000-8000-000000000021', 'family', 'Sponsor in NL', 'Спонсор в NL', 'Partner, parent, or child with legal stay', 1),
  ('c0000000-0000-4000-8000-000000000021', 'income', 'Sponsor income', 'Доход спонсора', 'Meets IND minimum for family formation', 2)
ON CONFLICT DO NOTHING;

INSERT INTO emigro_program_costs (program_version_id, label_en, label_ru, amount_text, sort_order) VALUES
  ('c0000000-0000-4000-8000-000000000019', 'MVV / residence fee (IND)', 'Сбор IND', '€350 (indicative)', 1),
  ('c0000000-0000-4000-8000-000000000019', 'Partner / children surcharge', 'Доплата за семью', 'Higher salary thresholds apply', 2),
  ('c0000000-0000-4000-8000-000000000020', 'IND application fee', 'Сбор IND', '€350', 1),
  ('c0000000-0000-4000-8000-000000000020', 'Facilitator fees', 'Услуги facilitator', '€1,000–5,000+ (varies)', 2),
  ('c0000000-0000-4000-8000-000000000021', 'IND family fee', 'Сбор IND', '€350 (indicative)', 1)
ON CONFLICT DO NOTHING;

INSERT INTO emigro_program_timeline_steps (program_version_id, step_type, title_en, title_ru, duration_text, sort_order) VALUES
  ('c0000000-0000-4000-8000-000000000019', 'document_prep', 'Employer sponsorship dossier', 'Досье спонсорства работодателя', '2–4 weeks', 1),
  ('c0000000-0000-4000-8000-000000000019', 'application', 'IND application via sponsor', 'Подача через спонсора в IND', '2–8 weeks', 2),
  ('c0000000-0000-4000-8000-000000000019', 'residence', 'Collect residence permit', 'Получение ВНЖ', '2–4 weeks', 3),
  ('c0000000-0000-4000-8000-000000000020', 'document_prep', 'Facilitator match & business plan', 'Facilitator и бизнес-план', '4–12 weeks', 1),
  ('c0000000-0000-4000-8000-000000000020', 'application', 'IND startup application', 'Подача startup в IND', '2–3 months', 2),
  ('c0000000-0000-4000-8000-000000000020', 'residence', 'Startup residence (1 year)', 'Startup ВНЖ (1 год)', '2–4 weeks', 3),
  ('c0000000-0000-4000-8000-000000000021', 'document_prep', 'Relationship proof', 'Подтверждение родства', '2–6 weeks', 1),
  ('c0000000-0000-4000-8000-000000000021', 'application', 'IND family application', 'Семейная подача IND', '2–4 months', 2),
  ('c0000000-0000-4000-8000-000000000021', 'residence', 'Family permit', 'Семейный ВНЖ', '2–4 weeks', 3)
ON CONFLICT DO NOTHING;

INSERT INTO emigro_program_sources (program_version_id, source_url, raw_excerpt, last_verified, label_en, label_ru) VALUES
  ('c0000000-0000-4000-8000-000000000019', 'https://ind.nl/en/highly-skilled-migrant', 'Highly skilled migrant — minimum gross monthly salary €4,357 (under 30, 2026 IND salary criteria).', '2026-06-01', 'IND — highly skilled migrant', 'IND — highly skilled migrant'),
  ('c0000000-0000-4000-8000-000000000020', 'https://ind.nl/en/start-up', 'Residence permit for start-up — requires facilitator recognised by IND; individual assessment.', '2026-06-01', 'IND — start-up', 'IND — start-up'),
  ('c0000000-0000-4000-8000-000000000021', 'https://ind.nl/en/family', 'Family member residence — join partner or family member legally in the Netherlands.', '2026-06-01', 'IND — family', 'IND — family')
ON CONFLICT DO NOTHING;

INSERT INTO emigro_passport_eligibility (program_version_id, passport_iso2, status, notes_en, notes_ru) VALUES
  ('c0000000-0000-4000-8000-000000000019', 'RU', 'eligible', 'Apply via consulate/VFS where available', 'Подача через консульство/VFS где доступно'),
  ('c0000000-0000-4000-8000-000000000019', 'BY', 'partial', 'Check consulate jurisdiction', 'Уточнить юрисдикцию консульства'),
  ('c0000000-0000-4000-8000-000000000019', 'UA', 'partial', 'Check consulate jurisdiction', 'Уточнить юрисдикцию консульства'),
  ('c0000000-0000-4000-8000-000000000019', 'KZ', 'partial', 'Check consulate jurisdiction', 'Уточнить юрисдикцию консульства'),
  ('c0000000-0000-4000-8000-000000000020', 'RU', 'partial', 'IND facilitator endorsement required — case-by-case review', 'Нужен одобренный IND facilitator — индивидуальная проверка'),
  ('c0000000-0000-4000-8000-000000000020', 'BY', 'partial', 'IND facilitator endorsement required — case-by-case review', 'Нужен одобренный IND facilitator — индивидуальная проверка'),
  ('c0000000-0000-4000-8000-000000000020', 'UA', 'partial', 'IND facilitator endorsement required — case-by-case review', 'Нужен одобренный IND facilitator — индивидуальная проверка'),
  ('c0000000-0000-4000-8000-000000000020', 'KZ', 'partial', 'IND facilitator endorsement required — case-by-case review', 'Нужен одобренный IND facilitator — индивидуальная проверка'),
  ('c0000000-0000-4000-8000-000000000021', 'RU', 'eligible', 'Apply via consulate/VFS where available', 'Подача через консульство/VFS где доступно'),
  ('c0000000-0000-4000-8000-000000000021', 'BY', 'partial', 'Check consulate jurisdiction', 'Уточнить юрисдикцию консульства'),
  ('c0000000-0000-4000-8000-000000000021', 'UA', 'partial', 'Check consulate jurisdiction', 'Уточнить юрисдикцию консульства'),
  ('c0000000-0000-4000-8000-000000000021', 'KZ', 'partial', 'Check consulate jurisdiction', 'Уточнить юрисдикцию консульства')
ON CONFLICT DO NOTHING;

INSERT INTO emigro_corridor_digest_items (corridor_id, category, title_en, title_ru, body_en, body_ru, source_url, last_verified, sort_order) VALUES
  ('a0000000-0000-4000-8000-000000000006', 'citizenship', 'Naturalization (5 years + inburgering)', 'Натурализация (5 лет + inburgering)', 'Naturalization after 5 years legal residence, civic integration (inburgering), and sufficient income.', 'Натурализация после 5 лет легального проживания, inburgering и достаточного дохода.', 'https://ind.nl/en/dutch-citizenship', '2026-06-01', 1),
  ('a0000000-0000-4000-8000-000000000006', 'exam', 'Inburgering A2/B1', 'Inburgering A2/B1', 'Civic integration exam includes language (A2 rising to B1) and knowledge of Dutch society (KNM).', 'Экзамен inburgering включает язык (A2→B1) и знание общества (KNM).', 'https://www.inburgeren.nl/', '2026-06-01', 2),
  ('a0000000-0000-4000-8000-000000000006', 'timeline', 'HSM → permanent residence', 'HSM → ПМЖ', 'Highly skilled migrants may apply for permanent residence after 5 years of legal stay.', 'Highly skilled migrant может подать на ПМЖ после 5 лет легального проживания.', NULL, '2026-06-01', 3),
  ('a0000000-0000-4000-8000-000000000006', 'practical', 'BSN registration', 'Регистрация BSN', 'Register at municipality for BSN (citizen service number) — required for work, tax, and healthcare.', 'Регистрация в gemeente для BSN — нужна для работы, налогов и healthcare.', NULL, '2026-06-01', 4),
  ('a0000000-0000-4000-8000-000000000006', 'practical', '30% ruling (tax)', '30% ruling (налог)', 'Eligible HSMs may qualify for 30% tax-free allowance — verify current Belastingdienst rules.', 'Часть HSM может получить 30% ruling — проверяйте правила Belastingdienst.', 'https://www.belastingdienst.nl/', '2026-06-01', 5)
ON CONFLICT DO NOTHING;

INSERT INTO emigro_wizard_definitions (id, corridor_id, slug, title_en, title_ru) VALUES
  ('d0000000-0000-4000-8000-000000000006', 'a0000000-0000-4000-8000-000000000006', 'netherlands-routes', 'Netherlands route finder', 'Подбор маршрута — Нидерланды')
ON CONFLICT DO NOTHING;

INSERT INTO emigro_wizard_modules (id, wizard_id, module_key, title_en, title_ru, sort_order) VALUES
  ('e0000000-0000-4000-8000-000000000021', 'd0000000-0000-4000-8000-000000000006', 'core', 'Basics', 'Основное', 1),
  ('e0000000-0000-4000-8000-000000000022', 'd0000000-0000-4000-8000-000000000006', 'labor', 'Work & remote', 'Работа и удалёнка', 2),
  ('e0000000-0000-4000-8000-000000000023', 'd0000000-0000-4000-8000-000000000006', 'capital', 'Passive income & savings', 'Пассивный доход и сбережения', 3),
  ('e0000000-0000-4000-8000-000000000024', 'd0000000-0000-4000-8000-000000000006', 'bond', 'Family', 'Семья', 4)
ON CONFLICT DO NOTHING;

INSERT INTO emigro_wizard_questions (module_id, question_key, question_type, label_en, label_ru, help_en, help_ru, options, sort_order) VALUES
  ('e0000000-0000-4000-8000-000000000021', 'passport_iso2', 'single', 'Your passport', 'Ваш паспорт', 'Primary passport you will apply with', 'Паспорт, с которым будете подавать', '[{"value":"RU","label_en":"Russia","label_ru":"Россия"},{"value":"BY","label_en":"Belarus","label_ru":"Беларусь"},{"value":"UA","label_en":"Ukraine","label_ru":"Украина"},{"value":"KZ","label_en":"Kazakhstan","label_ru":"Казахстан"}]', 1),
  ('e0000000-0000-4000-8000-000000000022', 'remote_income', 'single', 'Stable remote income from abroad?', 'Стабильный удалённый доход из-за рубежа?', 'Salary or freelance from employers/clients outside destination country', 'Зарплата или фриланс от работодателей/клиентов вне страны назначения', '[{"value":"yes","label_en":"Yes","label_ru":"Да"},{"value":"no","label_en":"No","label_ru":"Нет"}]', 1),
  ('e0000000-0000-4000-8000-000000000022', 'monthly_income_eur', 'number', 'Monthly net income (EUR)', 'Месячный чистый доход (EUR)', NULL, NULL, NULL, 2),
  ('e0000000-0000-4000-8000-000000000022', 'has_job_offer', 'single', 'Signed job offer in destination country?', 'Подписанный оффер работы в стране назначения?', NULL, NULL, '[{"value":"yes","label_en":"Yes","label_ru":"Да"},{"value":"no","label_en":"No","label_ru":"Нет"}]', 3),
  ('e0000000-0000-4000-8000-000000000022', 'annual_salary_eur', 'number', 'Annual gross salary in offer (EUR)', 'Годовая брутто-зарплата в оффере (EUR)', NULL, NULL, NULL, 4),
  ('e0000000-0000-4000-8000-000000000023', 'passive_income_eur', 'number', 'Monthly passive income (EUR)', 'Месячный пассивный доход (EUR)', 'Pensions, rent, dividends — not salary', 'Пенсии, аренда, дивиденды — не зарплата', NULL, 1),
  ('e0000000-0000-4000-8000-000000000023', 'savings_eur', 'number', 'Liquid savings (EUR)', 'Ликвидные сбережения (EUR)', NULL, NULL, NULL, 2),
  ('e0000000-0000-4000-8000-000000000023', 'has_university_degree', 'single', 'Recognised university degree?', 'Признаваемый диплом вуза?', NULL, NULL, '[{"value":"yes","label_en":"Yes","label_ru":"Да"},{"value":"no","label_en":"No","label_ru":"Нет"}]', 3),
  ('e0000000-0000-4000-8000-000000000024', 'has_family_in_nl', 'single', 'Family member legally in Нидерланды?', 'Член семьи легально в стране (Нидерланды)?', 'Resident or citizen who can sponsor reunification', 'Резидент или гражданин для воссоединения', '[{"value":"yes","label_en":"Yes","label_ru":"Да"},{"value":"no","label_en":"No","label_ru":"Нет"}]', 1)
ON CONFLICT DO NOTHING;

-- Corridor: ru-speaking-to-scandinavia
INSERT INTO emigro_corridors (id, slug, title_en, title_ru, audience_description_en, audience_description_ru, primary_passport_iso2)
VALUES ('a0000000-0000-4000-8000-000000000007', 'ru-speaking-to-scandinavia', 'Russian-speaking → Scandinavia & Nordic', 'Русскоязычные → Скандинавия и Север', 'Relocation navigator for Russian-speaking applicants targeting Nordic residency routes.', 'Навигатор релокации для русскоязычных заявителей с фокусом на маршруты ВНЖ в странах Nordics.', 'RU')
ON CONFLICT (slug) DO NOTHING;

INSERT INTO emigro_corridor_passports (corridor_id, passport_iso2, support_level) VALUES
  ('a0000000-0000-4000-8000-000000000007', 'RU', 'primary'),
  ('a0000000-0000-4000-8000-000000000007', 'BY', 'secondary'),
  ('a0000000-0000-4000-8000-000000000007', 'UA', 'secondary'),
  ('a0000000-0000-4000-8000-000000000007', 'KZ', 'secondary')
ON CONFLICT DO NOTHING;

INSERT INTO emigro_corridor_destinations (corridor_id, destination_iso2) VALUES
  ('a0000000-0000-4000-8000-000000000007', 'SE'),
  ('a0000000-0000-4000-8000-000000000007', 'NO'),
  ('a0000000-0000-4000-8000-000000000007', 'DK'),
  ('a0000000-0000-4000-8000-000000000007', 'FI')
ON CONFLICT DO NOTHING;

INSERT INTO emigro_programs (id, slug, destination_iso2, program_type, title_en, title_ru, summary_en, summary_ru) VALUES
  ('b0000000-0000-4000-8000-000000000019', 'sweden-work-permit', 'SE', 'LABOR', 'Sweden Work Permit', 'Швеция — work permit', 'Work and residence permit with Swedish employer meeting minimum salary.', 'Рабочий и вид на жительство с шведским работодателем и минимальной зарплатой.'),
  ('b0000000-0000-4000-8000-000000000020', 'denmark-work-permit', 'DK', 'LABOR', 'Denmark Pay Limit Scheme', 'Дания — pay limit scheme', 'Work residence for employees with salary above the Danish pay limit.', 'Рабочий ВНЖ при зарплате выше датского pay limit.'),
  ('b0000000-0000-4000-8000-000000000021', 'nordic-family-reunification', 'SE', 'BOND', 'Nordic Family Reunification', 'Nordic — воссоединение семьи', 'Join a family member legally residing in a Nordic country (SE/NO/DK/FI).', 'Присоединение к члену семьи с легальным статусом в стране Nordics (SE/NO/DK/FI).')
ON CONFLICT (slug) DO NOTHING;

INSERT INTO emigro_corridor_programs (corridor_id, program_id, sort_order, is_featured) VALUES
  ('a0000000-0000-4000-8000-000000000007', 'b0000000-0000-4000-8000-000000000019', 1, true),
  ('a0000000-0000-4000-8000-000000000007', 'b0000000-0000-4000-8000-000000000020', 2, true),
  ('a0000000-0000-4000-8000-000000000007', 'b0000000-0000-4000-8000-000000000021', 3, true)
ON CONFLICT DO NOTHING;

INSERT INTO emigro_program_versions (id, program_id, version_label, eligibility_rule) VALUES
  ('c0000000-0000-4000-8000-000000000022', 'b0000000-0000-4000-8000-000000000019', '2026-01', '{"and":[{"==":[{"var":"passport_iso2"},"RU"]},{"==":[{"var":"has_job_offer"},"yes"]},{">=":[{"var":"monthly_income_eur"},3050]}]}'),
  ('c0000000-0000-4000-8000-000000000023', 'b0000000-0000-4000-8000-000000000020', '2026-01', '{"and":[{"==":[{"var":"passport_iso2"},"RU"]},{"==":[{"var":"has_job_offer"},"yes"]},{">=":[{"var":"annual_salary_eur"},74000]}]}'),
  ('c0000000-0000-4000-8000-000000000024', 'b0000000-0000-4000-8000-000000000021', '2026-01', '{"and":[{"==":[{"var":"passport_iso2"},"RU"]},{"==":[{"var":"has_family_in_se"},"yes"]}]}')
ON CONFLICT DO NOTHING;

INSERT INTO emigro_program_requirements (program_version_id, requirement_type, label_en, label_ru, value_text, sort_order) VALUES
  ('c0000000-0000-4000-8000-000000000022', 'income', 'Minimum monthly salary', 'Минимальная месячная зарплата', 'SEK 34,470/month (~€3,050, 2026 Migrationsverket minimum)', 1),
  ('c0000000-0000-4000-8000-000000000022', 'documents', 'Employment terms', 'Условия трудоустройства', 'Insurance, pension, and collective agreement compliance', 2),
  ('c0000000-0000-4000-8000-000000000022', 'insurance', 'Health coverage', 'Медпокрытие', 'Swedish employment-based coverage', 3),
  ('c0000000-0000-4000-8000-000000000023', 'income', 'Pay limit salary', 'Зарплата pay limit', 'DKK 552,000/year (~€74,000 gross, 2026 pay limit)', 1),
  ('c0000000-0000-4000-8000-000000000023', 'documents', 'Danish job offer', 'Оффер в Дании', 'Contract meeting SIRI / pay limit criteria', 2),
  ('c0000000-0000-4000-8000-000000000023', 'insurance', 'Health insurance', 'Медстраховка', 'Danish labour market coverage', 3),
  ('c0000000-0000-4000-8000-000000000024', 'family', 'Sponsor in Nordics', 'Спонсор в Nordics', 'Spouse, partner, or qualifying family member', 1),
  ('c0000000-0000-4000-8000-000000000024', 'income', 'Maintenance requirement', 'Требование содержания', 'Country-specific housing and income rules (verify per destination)', 2)
ON CONFLICT DO NOTHING;

INSERT INTO emigro_program_costs (program_version_id, label_en, label_ru, amount_text, sort_order) VALUES
  ('c0000000-0000-4000-8000-000000000022', 'Application fee', 'Сбор за подачу', 'SEK 2,200 (~€200)', 1),
  ('c0000000-0000-4000-8000-000000000022', 'Family co-applicants', 'Семья-со заявители', 'Additional fees per person', 2),
  ('c0000000-0000-4000-8000-000000000023', 'SIRI application fee', 'Сбор SIRI', 'DKK 4,405 (~€590)', 1),
  ('c0000000-0000-4000-8000-000000000023', 'Biometrics', 'Биометрия', 'Included in fee (indicative)', 2),
  ('c0000000-0000-4000-8000-000000000024', 'Application fees', 'Сборы за подачу', 'SEK/DKK/NOK/EUR varies by country', 1)
ON CONFLICT DO NOTHING;

INSERT INTO emigro_program_timeline_steps (program_version_id, step_type, title_en, title_ru, duration_text, sort_order) VALUES
  ('c0000000-0000-4000-8000-000000000022', 'document_prep', 'Employer offer & union terms', 'Оффер и union terms', '2–6 weeks', 1),
  ('c0000000-0000-4000-8000-000000000022', 'application', 'Migrationsverket online', 'Подача в Migrationsverket', '1–4 months', 2),
  ('c0000000-0000-4000-8000-000000000022', 'residence', 'Work permit & residence', 'Work permit и ВНЖ', '2–4 weeks after approval', 3),
  ('c0000000-0000-4000-8000-000000000023', 'document_prep', 'Employer case & contract', 'Кейс работодателя и контракт', '2–4 weeks', 1),
  ('c0000000-0000-4000-8000-000000000023', 'application', 'SIRI online application', 'Подача в SIRI', '1–3 months', 2),
  ('c0000000-0000-4000-8000-000000000023', 'residence', 'Residence permit', 'ВНЖ', '2–4 weeks', 3),
  ('c0000000-0000-4000-8000-000000000024', 'document_prep', 'Relationship & housing proof', 'Родство и жильё', '2–8 weeks', 1),
  ('c0000000-0000-4000-8000-000000000024', 'application', 'National authority application', 'Подача в национальный орган', '2–6 months', 2),
  ('c0000000-0000-4000-8000-000000000024', 'residence', 'Family residence permit', 'Семейный ВНЖ', '2–8 weeks', 3)
ON CONFLICT DO NOTHING;

INSERT INTO emigro_program_sources (program_version_id, source_url, raw_excerpt, last_verified, label_en, label_ru) VALUES
  ('c0000000-0000-4000-8000-000000000022', 'https://www.migrationsverket.se/English/Private-individuals/Working-in-Sweden/Employed/How-to-apply.html', 'Work permit — salary must be at least SEK 34,470 per month (2026 minimum).', '2026-06-01', 'Migrationsverket — work permit', 'Migrationsverket — work permit'),
  ('c0000000-0000-4000-8000-000000000023', 'https://nyidanmark.dk/en-GB/You-want-to-apply/Work/Pay-limit-scheme', 'Pay Limit Scheme — minimum annual salary DKK 552,000 (2026).', '2026-06-01', 'SIRI — pay limit scheme', 'SIRI — pay limit scheme'),
  ('c0000000-0000-4000-8000-000000000024', 'https://www.migrationsverket.se/English/Private-individuals/Moving-to-a-close-relative-in-Sweden.html', 'Moving to a close relative in Sweden — family reunification rules.', '2026-06-01', 'Migrationsverket — family', 'Migrationsverket — family'),
  ('c0000000-0000-4000-8000-000000000024', 'https://nyidanmark.dk/en-GB/You-want-to-apply/Family', 'Family reunification in Denmark — spouse and family schemes.', '2026-06-01', 'SIRI — family', 'SIRI — family')
ON CONFLICT DO NOTHING;

INSERT INTO emigro_passport_eligibility (program_version_id, passport_iso2, status, notes_en, notes_ru) VALUES
  ('c0000000-0000-4000-8000-000000000022', 'RU', 'eligible', 'Apply via consulate/VFS where available', 'Подача через консульство/VFS где доступно'),
  ('c0000000-0000-4000-8000-000000000022', 'BY', 'partial', 'Check consulate jurisdiction', 'Уточнить юрисдикцию консульства'),
  ('c0000000-0000-4000-8000-000000000022', 'UA', 'partial', 'Check consulate jurisdiction', 'Уточнить юрисдикцию консульства'),
  ('c0000000-0000-4000-8000-000000000022', 'KZ', 'partial', 'Check consulate jurisdiction', 'Уточнить юрисдикцию консульства'),
  ('c0000000-0000-4000-8000-000000000023', 'RU', 'eligible', 'Apply via consulate/VFS where available', 'Подача через консульство/VFS где доступно'),
  ('c0000000-0000-4000-8000-000000000023', 'BY', 'partial', 'Check consulate jurisdiction', 'Уточнить юрисдикцию консульства'),
  ('c0000000-0000-4000-8000-000000000023', 'UA', 'partial', 'Check consulate jurisdiction', 'Уточнить юрисдикцию консульства'),
  ('c0000000-0000-4000-8000-000000000023', 'KZ', 'partial', 'Check consulate jurisdiction', 'Уточнить юрисдикцию консульства'),
  ('c0000000-0000-4000-8000-000000000024', 'RU', 'eligible', 'Apply via consulate/VFS where available', 'Подача через консульство/VFS где доступно'),
  ('c0000000-0000-4000-8000-000000000024', 'BY', 'partial', 'Check consulate jurisdiction', 'Уточнить юрисдикцию консульства'),
  ('c0000000-0000-4000-8000-000000000024', 'UA', 'partial', 'Check consulate jurisdiction', 'Уточнить юрисдикцию консульства'),
  ('c0000000-0000-4000-8000-000000000024', 'KZ', 'partial', 'Check consulate jurisdiction', 'Уточнить юрисдикцию консульства')
ON CONFLICT DO NOTHING;

INSERT INTO emigro_corridor_digest_items (corridor_id, category, title_en, title_ru, body_en, body_ru, source_url, last_verified, sort_order) VALUES
  ('a0000000-0000-4000-8000-000000000007', 'citizenship', 'Nordic citizenship timelines', 'Сроки гражданства в Nordics', 'Sweden: ~5 years habitual residence. Denmark: 9 years (with exceptions). Norway: 7 years. Finland: 5 years. Language tests apply.', 'Швеция: ~5 лет. Дания: 9 лет. Норвегия: 7 лет. Финляндия: 5 лет. Нужны языковые экзамены.', 'https://www.migrationsverket.se/', '2026-06-01', 1),
  ('a0000000-0000-4000-8000-000000000007', 'exam', 'Swedish / Danish language', 'Шведский / датский язык', 'Citizenship requires language proof: Swedish (SFI → higher) or Danish (Prøve i Dansk 3 / PD3).', 'Для гражданства нужен язык: шведский (SFI и выше) или датский (PD3).', NULL, '2026-06-01', 2),
  ('a0000000-0000-4000-8000-000000000007', 'timeline', 'Work permit → permanent residence', 'Work permit → ПМЖ', 'Sweden: permanent after 4 years work permit. Denmark: dependent on scheme. Processing backlogs vary.', 'Швеция: ПМЖ после 4 лет work permit. Дания — зависит от схемы. Очереди различаются.', NULL, '2026-06-01', 3),
  ('a0000000-0000-4000-8000-000000000007', 'practical', 'Personnummer / CPR', 'Personnummer / CPR', 'Sweden personnummer and Denmark CPR number are essential for banking, tax, and healthcare.', 'Personnummer (SE) и CPR (DK) нужны для банка, налогов и healthcare.', NULL, '2026-06-01', 4),
  ('a0000000-0000-4000-8000-000000000007', 'practical', 'Collective agreements (Sweden)', 'Коллективные договоры (Швеция)', 'Swedish work permits require terms at least as good as collective agreement or industry practice.', 'Шведский work permit требует условий не хуже коллективного договора или отраслевой практики.', 'https://www.migrationsverket.se/', '2026-06-01', 5)
ON CONFLICT DO NOTHING;

INSERT INTO emigro_wizard_definitions (id, corridor_id, slug, title_en, title_ru) VALUES
  ('d0000000-0000-4000-8000-000000000007', 'a0000000-0000-4000-8000-000000000007', 'scandinavia-routes', 'Scandinavia & Nordic route finder', 'Подбор маршрута — Скандинавия и Север')
ON CONFLICT DO NOTHING;

INSERT INTO emigro_wizard_modules (id, wizard_id, module_key, title_en, title_ru, sort_order) VALUES
  ('e0000000-0000-4000-8000-000000000025', 'd0000000-0000-4000-8000-000000000007', 'core', 'Basics', 'Основное', 1),
  ('e0000000-0000-4000-8000-000000000026', 'd0000000-0000-4000-8000-000000000007', 'labor', 'Work & remote', 'Работа и удалёнка', 2),
  ('e0000000-0000-4000-8000-000000000027', 'd0000000-0000-4000-8000-000000000007', 'capital', 'Passive income & savings', 'Пассивный доход и сбережения', 3),
  ('e0000000-0000-4000-8000-000000000028', 'd0000000-0000-4000-8000-000000000007', 'bond', 'Family', 'Семья', 4)
ON CONFLICT DO NOTHING;

INSERT INTO emigro_wizard_questions (module_id, question_key, question_type, label_en, label_ru, help_en, help_ru, options, sort_order) VALUES
  ('e0000000-0000-4000-8000-000000000025', 'passport_iso2', 'single', 'Your passport', 'Ваш паспорт', 'Primary passport you will apply with', 'Паспорт, с которым будете подавать', '[{"value":"RU","label_en":"Russia","label_ru":"Россия"},{"value":"BY","label_en":"Belarus","label_ru":"Беларусь"},{"value":"UA","label_en":"Ukraine","label_ru":"Украина"},{"value":"KZ","label_en":"Kazakhstan","label_ru":"Казахстан"}]', 1),
  ('e0000000-0000-4000-8000-000000000026', 'remote_income', 'single', 'Stable remote income from abroad?', 'Стабильный удалённый доход из-за рубежа?', 'Salary or freelance from employers/clients outside destination country', 'Зарплата или фриланс от работодателей/клиентов вне страны назначения', '[{"value":"yes","label_en":"Yes","label_ru":"Да"},{"value":"no","label_en":"No","label_ru":"Нет"}]', 1),
  ('e0000000-0000-4000-8000-000000000026', 'monthly_income_eur', 'number', 'Monthly net income (EUR)', 'Месячный чистый доход (EUR)', NULL, NULL, NULL, 2),
  ('e0000000-0000-4000-8000-000000000026', 'has_job_offer', 'single', 'Signed job offer in destination country?', 'Подписанный оффер работы в стране назначения?', NULL, NULL, '[{"value":"yes","label_en":"Yes","label_ru":"Да"},{"value":"no","label_en":"No","label_ru":"Нет"}]', 3),
  ('e0000000-0000-4000-8000-000000000026', 'annual_salary_eur', 'number', 'Annual gross salary in offer (EUR)', 'Годовая брутто-зарплата в оффере (EUR)', NULL, NULL, NULL, 4),
  ('e0000000-0000-4000-8000-000000000027', 'passive_income_eur', 'number', 'Monthly passive income (EUR)', 'Месячный пассивный доход (EUR)', 'Pensions, rent, dividends — not salary', 'Пенсии, аренда, дивиденды — не зарплата', NULL, 1),
  ('e0000000-0000-4000-8000-000000000027', 'savings_eur', 'number', 'Liquid savings (EUR)', 'Ликвидные сбережения (EUR)', NULL, NULL, NULL, 2),
  ('e0000000-0000-4000-8000-000000000027', 'has_university_degree', 'single', 'Recognised university degree?', 'Признаваемый диплом вуза?', NULL, NULL, '[{"value":"yes","label_en":"Yes","label_ru":"Да"},{"value":"no","label_en":"No","label_ru":"Нет"}]', 3),
  ('e0000000-0000-4000-8000-000000000028', 'has_family_in_se', 'single', 'Family member legally in Скандинавия и Север?', 'Член семьи легально в стране (Скандинавия и Север)?', 'Resident or citizen who can sponsor reunification', 'Резидент или гражданин для воссоединения', '[{"value":"yes","label_en":"Yes","label_ru":"Да"},{"value":"no","label_en":"No","label_ru":"Нет"}]', 1)
ON CONFLICT DO NOTHING;

-- Activate news topics with corridor site paths
UPDATE emigro_news_topics SET
  status = 'active',
  corridor_slug = 'ru-speaking-to-spain',
  site_paths = '{"landing":"/ru/spain","wizard":"/ru/spain/wizard","guide":"/ru/spain/digest"}'::jsonb,
  updated_at = now()
WHERE key = 'spain';

UPDATE emigro_news_topics SET
  status = 'active',
  corridor_slug = 'ru-speaking-to-france',
  site_paths = '{"landing":"/ru/france","wizard":"/ru/france/wizard","guide":"/ru/france/digest"}'::jsonb,
  updated_at = now()
WHERE key = 'france';

UPDATE emigro_news_topics SET
  status = 'active',
  corridor_slug = 'ru-speaking-to-italy',
  site_paths = '{"landing":"/ru/italy","wizard":"/ru/italy/wizard","guide":"/ru/italy/digest"}'::jsonb,
  updated_at = now()
WHERE key = 'italy';

UPDATE emigro_news_topics SET
  status = 'active',
  corridor_slug = 'ru-speaking-to-germany',
  site_paths = '{"landing":"/ru/germany","wizard":"/ru/germany/wizard","guide":"/ru/germany/digest"}'::jsonb,
  updated_at = now()
WHERE key = 'germany';

UPDATE emigro_news_topics SET
  status = 'active',
  corridor_slug = 'ru-speaking-to-netherlands',
  site_paths = '{"landing":"/ru/netherlands","wizard":"/ru/netherlands/wizard","guide":"/ru/netherlands/digest"}'::jsonb,
  updated_at = now()
WHERE key = 'netherlands';

UPDATE emigro_news_topics SET
  status = 'active',
  corridor_slug = 'ru-speaking-to-scandinavia',
  site_paths = '{"landing":"/ru/scandinavia","wizard":"/ru/scandinavia/wizard","guide":"/ru/scandinavia/digest"}'::jsonb,
  updated_at = now()
WHERE key = 'scandinavia';

