-- Student visa (STUDY) programs — PT, ES, DE, FR, IT
-- Generated by scripts/generate-study-programs-sql.ts

INSERT INTO emigro_program_types (code, label_en, label_ru) VALUES
  ('STUDY', 'Study & university', 'Учёба / студенческая виза')
ON CONFLICT (code) DO NOTHING;

INSERT INTO emigro_programs (id, slug, destination_iso2, program_type, title_en, title_ru, summary_en, summary_ru) VALUES
  ('b0000000-0000-4000-8000-000000000025', 'portugal-student-visa-d4', 'PT', 'STUDY', 'Portugal D4 Student Visa', 'Португалия — студенческая виза D4', 'National D4 visa for enrollment at a Portuguese school or university; proof of means and accommodation.', 'Национальная виза D4 при зачислении в португальский вуз или школу; подтверждение средств и жилья.'),
  ('b0000000-0000-4000-8000-000000000026', 'spain-student-visa', 'ES', 'STUDY', 'Spain Student Visa (estudios)', 'Испания — студенческая виза (estudios)', 'Long-stay visa for studies at a recognized center; funds, insurance, and enrollment required.', 'Долгосрочная виза для учёбы в аккредитованном центре; нужны средства, страховка и зачисление.'),
  ('b0000000-0000-4000-8000-000000000027', 'germany-student-visa', 'DE', 'STUDY', 'Germany Student Visa', 'Германия — студенческая виза', 'National visa for university studies with admission (Zulassung) and blocked account or scholarship proof.', 'Национальная виза для учёбы в вузе с Zulassung и blocked account или стипендией.'),
  ('b0000000-0000-4000-8000-000000000028', 'france-student-visa', 'FR', 'STUDY', 'France VLS-TS étudiant', 'Франция — VLS-TS étudiant', 'Long-stay student visa after Campus France procedure; proof of enrollment and means.', 'Долгосрочная студенческая виза после процедуры Campus France; зачисление и средства.'),
  ('b0000000-0000-4000-8000-000000000029', 'italy-student-visa', 'IT', 'STUDY', 'Italy Student Visa (studio)', 'Италия — студенческая виза (studio)', 'Type D visa for university enrollment; declaration of value and proof of means required.', 'Виза типа D при зачислении в итальянский вуз; dichiarazione di valore и подтверждение средств.')
ON CONFLICT (slug) DO NOTHING;

INSERT INTO emigro_corridor_programs (corridor_id, program_id, sort_order, is_featured) VALUES
  ('a0000000-0000-4000-8000-000000000001', 'b0000000-0000-4000-8000-000000000025', 5, false),
  ('a0000000-0000-4000-8000-000000000002', 'b0000000-0000-4000-8000-000000000026', 5, false),
  ('a0000000-0000-4000-8000-000000000005', 'b0000000-0000-4000-8000-000000000027', 5, false),
  ('a0000000-0000-4000-8000-000000000003', 'b0000000-0000-4000-8000-000000000028', 5, false),
  ('a0000000-0000-4000-8000-000000000004', 'b0000000-0000-4000-8000-000000000029', 5, false)
ON CONFLICT DO NOTHING;

INSERT INTO emigro_program_versions (id, program_id, version_label, eligibility_rule) VALUES
  ('c0000000-0000-4000-8000-000000000028', 'b0000000-0000-4000-8000-000000000025', '2026-06', '{"and":[{"==":[{"var":"passport_iso2"},"RU"]},{"==":[{"var":"wants_study_route"},"yes"]},{"==":[{"var":"has_university_admission"},"yes"]},{"or":[{">=":[{"var":"study_budget_eur"},9840]},{"==":[{"var":"can_show_study_funds"},"yes"]}]}]}'),
  ('c0000000-0000-4000-8000-000000000029', 'b0000000-0000-4000-8000-000000000026', '2026-06', '{"and":[{"==":[{"var":"passport_iso2"},"RU"]},{"==":[{"var":"wants_study_route"},"yes"]},{"==":[{"var":"has_university_admission"},"yes"]},{"or":[{">=":[{"var":"study_budget_eur"},7200]},{"==":[{"var":"can_show_study_funds"},"yes"]}]}]}'),
  ('c0000000-0000-4000-8000-000000000030', 'b0000000-0000-4000-8000-000000000027', '2026-06', '{"and":[{"==":[{"var":"passport_iso2"},"RU"]},{"==":[{"var":"wants_study_route"},"yes"]},{"==":[{"var":"has_university_admission"},"yes"]},{"or":[{">=":[{"var":"study_budget_eur"},11904]},{"==":[{"var":"can_show_study_funds"},"yes"]}]}]}'),
  ('c0000000-0000-4000-8000-000000000031', 'b0000000-0000-4000-8000-000000000028', '2026-06', '{"and":[{"==":[{"var":"passport_iso2"},"RU"]},{"==":[{"var":"wants_study_route"},"yes"]},{"==":[{"var":"has_university_admission"},"yes"]},{"or":[{">=":[{"var":"study_budget_eur"},7380]},{"==":[{"var":"can_show_study_funds"},"yes"]}]}]}'),
  ('c0000000-0000-4000-8000-000000000032', 'b0000000-0000-4000-8000-000000000029', '2026-06', '{"and":[{"==":[{"var":"passport_iso2"},"RU"]},{"==":[{"var":"wants_study_route"},"yes"]},{"==":[{"var":"has_university_admission"},"yes"]},{"or":[{">=":[{"var":"study_budget_eur"},5520]},{"==":[{"var":"can_show_study_funds"},"yes"]}]}]}')
ON CONFLICT DO NOTHING;

INSERT INTO emigro_program_requirements (program_version_id, requirement_type, label_en, label_ru, value_text, sort_order) VALUES
  ('c0000000-0000-4000-8000-000000000028', 'documents', 'Enrollment', 'Зачисление', 'Подтверждение зачисления в аккредитованный вуз / школу PT', 1),
  ('c0000000-0000-4000-8000-000000000028', 'savings', 'Means of subsistence', 'Средства к существованию', '≈€820/мес. (100% мин. зарплаты 2026) — сбережения или спонсор', 2),
  ('c0000000-0000-4000-8000-000000000028', 'insurance', 'Health insurance', 'Медстраховка', 'Покрытие в Португалии на срок обучения', 3),
  ('c0000000-0000-4000-8000-000000000028', 'documents', 'Accommodation', 'Жильё', 'Договор аренды или подтверждение общежития', 4),
  ('c0000000-0000-4000-8000-000000000029', 'documents', 'Enrollment', 'Зачисление', 'Matrícula / admission в аккредитованный учебный центр', 1),
  ('c0000000-0000-4000-8000-000000000029', 'savings', 'Financial means', 'Финансовые средства', '≈€600/мес. (100% IPREM) или эквивалент в сбережениях', 2),
  ('c0000000-0000-4000-8000-000000000029', 'insurance', 'Health insurance', 'Медстраховка', 'Полное покрытие в Испании без доплат (copay)', 3),
  ('c0000000-0000-4000-8000-000000000030', 'documents', 'University admission', 'Зачисление в вуз', 'Zulassungsbescheid или условное (vorläufig) для Studienkolleg', 1),
  ('c0000000-0000-4000-8000-000000000030', 'savings', 'Blocked account (Sperrkonto)', 'Blocked account (Sperrkonto)', '≈€992/мес. × 12 = €11 904 (2025/26 ориентир)', 2),
  ('c0000000-0000-4000-8000-000000000030', 'insurance', 'Health insurance', 'Медстраховка', 'Студенческая (GKV/PKV) или travel insurance до enrollment', 3),
  ('c0000000-0000-4000-8000-000000000031', 'documents', 'Campus France', 'Campus France', 'Прохождение процедуры Etudes en France / Campus France', 1),
  ('c0000000-0000-4000-8000-000000000031', 'documents', 'Enrollment', 'Зачисление', 'Attestation d''inscription или certificate de scolarité', 2),
  ('c0000000-0000-4000-8000-000000000031', 'savings', 'Financial means', 'Финансовые средства', '≈€615/мес. минимум (2026 ориентир для VLS-TS étudiant)', 3),
  ('c0000000-0000-4000-8000-000000000032', 'documents', 'University enrollment', 'Зачисление в вуз', 'Lettera di ammissione / pre-iscrizione', 1),
  ('c0000000-0000-4000-8000-000000000032', 'documents', 'Dichiarazione di valore', 'Dichiarazione di valore', 'Признание диплома через консульство IT (для большинства программ)', 2),
  ('c0000000-0000-4000-8000-000000000032', 'savings', 'Financial means', 'Финансовые средства', '≈€460/мес. минимум (2026 ориентир для permesso per studio)', 3)
ON CONFLICT DO NOTHING;

INSERT INTO emigro_program_costs (program_version_id, label_en, label_ru, amount_text, sort_order) VALUES
  ('c0000000-0000-4000-8000-000000000028', 'Consular fee', 'Консульский сбор', '€90–120', 1),
  ('c0000000-0000-4000-8000-000000000028', 'Tuition (varies)', 'Обучение (зависит от вуза)', '€700–7 000/год (гос. вузы дешевле)', 2),
  ('c0000000-0000-4000-8000-000000000029', 'Consular fee', 'Консульский сбор', '€80–160', 1),
  ('c0000000-0000-4000-8000-000000000029', 'Tuition (public university)', 'Обучение (гос. вуз)', '€750–2 500/год', 2),
  ('c0000000-0000-4000-8000-000000000030', 'Blocked account setup', 'Открытие Sperrkonto', '€50–150 + €11 904 депозит', 1),
  ('c0000000-0000-4000-8000-000000000030', 'Consular fee', 'Консульский сбор', '€75', 2),
  ('c0000000-0000-4000-8000-000000000030', 'Semester contribution', 'Semesterbeitrag', '€150–400/семестр (гос. вузы)', 3),
  ('c0000000-0000-4000-8000-000000000031', 'Campus France fee', 'Сбор Campus France', '€190–250', 1),
  ('c0000000-0000-4000-8000-000000000031', 'Visa fee', 'Визовый сбор', '€99', 2),
  ('c0000000-0000-4000-8000-000000000031', 'Public university tuition', 'Обучение (гос. вуз)', '€170–601/год (2026)', 3),
  ('c0000000-0000-4000-8000-000000000032', 'Consular fee', 'Консульский сбор', '€50–116', 1),
  ('c0000000-0000-4000-8000-000000000032', 'Public university tuition', 'Обучение (гос. вуз)', '€156–3 500/год (ISEE)', 2),
  ('c0000000-0000-4000-8000-000000000032', 'Dichiarazione di valore', 'Dichiarazione di valore', '€100–300', 3)
ON CONFLICT DO NOTHING;

INSERT INTO emigro_program_timeline_steps (program_version_id, step_type, title_en, title_ru, duration_text, sort_order) VALUES
  ('c0000000-0000-4000-8000-000000000028', 'document_prep', 'Admission & financial dossier', 'Зачисление и финансовое досье', '1–3 месяца', 1),
  ('c0000000-0000-4000-8000-000000000028', 'application', 'D4 visa at consulate / VFS', 'Виза D4 в консульстве / VFS', '1–3 месяца', 2),
  ('c0000000-0000-4000-8000-000000000028', 'residence', 'AIMA residence permit', 'ВНЖ в AIMA', '2–6 месяцев после въезда', 3),
  ('c0000000-0000-4000-8000-000000000029', 'document_prep', 'Admission & insurance', 'Зачисление и страховка', '2–6 недель', 1),
  ('c0000000-0000-4000-8000-000000000029', 'application', 'Consulate student visa', 'Студенческая виза в консульстве', '1–3 месяца', 2),
  ('c0000000-0000-4000-8000-000000000029', 'residence', 'TIE (estudiante)', 'TIE (estudiante)', '2–6 месяцев', 3),
  ('c0000000-0000-4000-8000-000000000030', 'document_prep', 'Zulassung & Sperrkonto', 'Zulassung и Sperrkonto', '2–4 месяца', 1),
  ('c0000000-0000-4000-8000-000000000030', 'application', 'National visa appointment', 'Национальная виза в консульстве', '4–12 недель', 2),
  ('c0000000-0000-4000-8000-000000000030', 'residence', 'Residence permit (Aufenthaltstitel)', 'Aufenthaltstitel в Ausländerbehörde', '4–8 недель после регистрации', 3),
  ('c0000000-0000-4000-8000-000000000031', 'document_prep', 'Campus France dossier', 'Досье Campus France', '2–4 месяца', 1),
  ('c0000000-0000-4000-8000-000000000031', 'application', 'VLS-TS étudiant at consulate', 'VLS-TS étudiant в консульстве', '2–6 недель', 2),
  ('c0000000-0000-4000-8000-000000000031', 'residence', 'Prefecture validation', 'Валидация в префектуре', '2–3 месяца после приезда', 3),
  ('c0000000-0000-4000-8000-000000000032', 'document_prep', 'Admission & dichiarazione di valore', 'Зачисление и dichiarazione di valore', '2–4 месяца', 1),
  ('c0000000-0000-4000-8000-000000000032', 'application', 'Type D visa at consulate', 'Виза типа D в консульстве', '2–8 недель', 2),
  ('c0000000-0000-4000-8000-000000000032', 'residence', 'Permesso di soggiorno per studio', 'Permesso di soggiorno per studio', '4–8 недель после questura', 3)
ON CONFLICT DO NOTHING;

INSERT INTO emigro_program_sources (program_version_id, source_url, raw_excerpt, last_verified, label_en, label_ru) VALUES
  ('c0000000-0000-4000-8000-000000000028', 'https://vistos.mne.gov.pt/en/national-visas/general-information/study-visa', 'D4 study visa — enrollment at educational institution and proof of means required.', '2026-06-25', 'MNE — study visa (D4)', 'MNE — виза D4 (учёба)'),
  ('c0000000-0000-4000-8000-000000000028', 'https://aima.gov.pt/', 'After entry, residence permit for study is processed through AIMA.', '2026-06-25', 'AIMA', 'AIMA'),
  ('c0000000-0000-4000-8000-000000000029', 'https://www.inclusion.gob.es/web/migraciones/w/autorizacion-de-estancia-por-estudios', 'Autorización de estancia por estudios — enrollment and sufficient means.', '2026-06-25', 'Spanish immigration — estudios', 'Миграционная служба — estudios'),
  ('c0000000-0000-4000-8000-000000000030', 'https://www.make-it-in-germany.com/en/visa-residence/types/studying', 'Student visa requires proof of admission and sufficient financial means (blocked account).', '2026-06-25', 'Make it in Germany — studying', 'Make it in Germany — учёба'),
  ('c0000000-0000-4000-8000-000000000030', 'https://www.germany-visa.org/student-visa/blocked-account/', 'Blocked account amount updated annually based on BAföG rates.', '2026-06-25', 'Blocked account threshold', 'Порог blocked account'),
  ('c0000000-0000-4000-8000-000000000031', 'https://france-visas.gouv.fr/en/web/france-visas/student', 'Long-stay student visa — Campus France procedure and proof of resources.', '2026-06-25', 'France-Visas — student', 'France-Visas — étudiant'),
  ('c0000000-0000-4000-8000-000000000031', 'https://www.campusfrance.org/en', 'Campus France manages the application process for most international students.', '2026-06-25', 'Campus France', 'Campus France'),
  ('c0000000-0000-4000-8000-000000000032', 'https://vistoperitalia.esteri.it/home/en', 'Study visa (type D) — enrollment at Italian institution and proof of means.', '2026-06-25', 'Italy visa portal — study', 'Портал виз IT — учёба')
ON CONFLICT DO NOTHING;

INSERT INTO emigro_passport_eligibility (program_version_id, passport_iso2, status, notes_en, notes_ru) VALUES
  ('c0000000-0000-4000-8000-000000000028', 'RU', 'eligible', 'Official program requirements verified; apply via consulate/VFS where available', 'Официальные требования программы проверены; подача через консульство/VFS где доступно'),
  ('c0000000-0000-4000-8000-000000000028', 'BY', 'partial', 'Preliminarily possible, subject to consulate jurisdiction and place of submission', 'Предварительно возможно, но зависит от консульства подачи и юрисдикции'),
  ('c0000000-0000-4000-8000-000000000028', 'UA', 'partial', 'Preliminarily possible, subject to consulate jurisdiction and place of submission', 'Предварительно возможно, но зависит от консульства подачи и юрисдикции'),
  ('c0000000-0000-4000-8000-000000000028', 'KZ', 'partial', 'Preliminarily possible, subject to consulate jurisdiction and place of submission', 'Предварительно возможно, но зависит от консульства подачи и юрисдикции'),
  ('c0000000-0000-4000-8000-000000000029', 'RU', 'eligible', 'Official program requirements verified; apply via consulate/VFS where available', 'Официальные требования программы проверены; подача через консульство/VFS где доступно'),
  ('c0000000-0000-4000-8000-000000000029', 'BY', 'partial', 'Preliminarily possible, subject to consulate jurisdiction and place of submission', 'Предварительно возможно, но зависит от консульства подачи и юрисдикции'),
  ('c0000000-0000-4000-8000-000000000029', 'UA', 'partial', 'Preliminarily possible, subject to consulate jurisdiction and place of submission', 'Предварительно возможно, но зависит от консульства подачи и юрисдикции'),
  ('c0000000-0000-4000-8000-000000000029', 'KZ', 'partial', 'Preliminarily possible, subject to consulate jurisdiction and place of submission', 'Предварительно возможно, но зависит от консульства подачи и юрисдикции'),
  ('c0000000-0000-4000-8000-000000000030', 'RU', 'eligible', 'Official program requirements verified; apply via consulate/VFS where available', 'Официальные требования программы проверены; подача через консульство/VFS где доступно'),
  ('c0000000-0000-4000-8000-000000000030', 'BY', 'partial', 'Preliminarily possible, subject to consulate jurisdiction and place of submission', 'Предварительно возможно, но зависит от консульства подачи и юрисдикции'),
  ('c0000000-0000-4000-8000-000000000030', 'UA', 'partial', 'Preliminarily possible, subject to consulate jurisdiction and place of submission', 'Предварительно возможно, но зависит от консульства подачи и юрисдикции'),
  ('c0000000-0000-4000-8000-000000000030', 'KZ', 'partial', 'Preliminarily possible, subject to consulate jurisdiction and place of submission', 'Предварительно возможно, но зависит от консульства подачи и юрисдикции'),
  ('c0000000-0000-4000-8000-000000000031', 'RU', 'eligible', 'Official program requirements verified; apply via consulate/VFS where available', 'Официальные требования программы проверены; подача через консульство/VFS где доступно'),
  ('c0000000-0000-4000-8000-000000000031', 'BY', 'partial', 'Preliminarily possible, subject to consulate jurisdiction and place of submission', 'Предварительно возможно, но зависит от консульства подачи и юрисдикции'),
  ('c0000000-0000-4000-8000-000000000031', 'UA', 'partial', 'Preliminarily possible, subject to consulate jurisdiction and place of submission', 'Предварительно возможно, но зависит от консульства подачи и юрисдикции'),
  ('c0000000-0000-4000-8000-000000000031', 'KZ', 'partial', 'Preliminarily possible, subject to consulate jurisdiction and place of submission', 'Предварительно возможно, но зависит от консульства подачи и юрисдикции'),
  ('c0000000-0000-4000-8000-000000000032', 'RU', 'eligible', 'Official program requirements verified; apply via consulate/VFS where available', 'Официальные требования программы проверены; подача через консульство/VFS где доступно'),
  ('c0000000-0000-4000-8000-000000000032', 'BY', 'partial', 'Preliminarily possible, subject to consulate jurisdiction and place of submission', 'Предварительно возможно, но зависит от консульства подачи и юрисдикции'),
  ('c0000000-0000-4000-8000-000000000032', 'UA', 'partial', 'Preliminarily possible, subject to consulate jurisdiction and place of submission', 'Предварительно возможно, но зависит от консульства подачи и юрисдикции'),
  ('c0000000-0000-4000-8000-000000000032', 'KZ', 'partial', 'Preliminarily possible, subject to consulate jurisdiction and place of submission', 'Предварительно возможно, но зависит от консульства подачи и юрисдикции')
ON CONFLICT DO NOTHING;

INSERT INTO emigro_wizard_modules (id, wizard_id, module_key, title_en, title_ru, sort_order) VALUES
  ('e0000000-0000-4000-8000-000000000029', 'd0000000-0000-4000-8000-000000000001', 'study', 'Study route', 'Учёба', 5),
  ('e0000000-0000-4000-8000-000000000030', 'd0000000-0000-4000-8000-000000000002', 'study', 'Study route', 'Учёба', 5),
  ('e0000000-0000-4000-8000-000000000033', 'd0000000-0000-4000-8000-000000000005', 'study', 'Study route', 'Учёба', 5),
  ('e0000000-0000-4000-8000-000000000031', 'd0000000-0000-4000-8000-000000000003', 'study', 'Study route', 'Учёба', 5),
  ('e0000000-0000-4000-8000-000000000032', 'd0000000-0000-4000-8000-000000000004', 'study', 'Study route', 'Учёба', 5)
ON CONFLICT DO NOTHING;

INSERT INTO emigro_wizard_questions (module_id, question_key, question_type, label_en, label_ru, help_en, help_ru, options, sort_order) VALUES
  ('e0000000-0000-4000-8000-000000000029', 'wants_study_route', 'single', 'Planning to relocate via study (university / language school)?', 'Планируете релокацию через учёбу (вуз / языковая школа)?', 'Student visa / residence for enrollment — not remote work or passive income routes', 'Студенческая виза / ВНЖ для зачисления — не удалёнка и не пассивный доход', '[{"value":"yes","label_en":"Yes","label_ru":"Да"},{"value":"no","label_en":"No","label_ru":"Нет"}]', 1),
  ('e0000000-0000-4000-8000-000000000029', 'has_university_admission', 'single', 'Do you have admission / enrollment confirmation?', 'Есть подтверждение зачисления (admission / matrícula)?', 'Letter from university, Campus France approval, Zulassung, etc.', 'Письмо от вуза, одобрение Campus France, Zulassung и т.п.', '[{"value":"yes","label_en":"Yes","label_ru":"Да"},{"value":"no","label_en":"No","label_ru":"Нет"}]', 2),
  ('e0000000-0000-4000-8000-000000000029', 'study_budget_eur', 'number', 'Available study funds (EUR)', 'Доступные средства на учёбу (EUR)', 'Blocked account, savings, or sponsor funds for tuition + living costs', 'Blocked account, сбережения или спонсор — на обучение и проживание', NULL, 3),
  ('e0000000-0000-4000-8000-000000000029', 'can_show_study_funds', 'single', 'Can document source of study funds (bank / sponsor)?', 'Можете подтвердить источник средств (банк / спонсор)?', NULL, NULL, '[{"value":"yes","label_en":"Yes","label_ru":"Да"},{"value":"no","label_en":"No","label_ru":"Нет"}]', 4),
  ('e0000000-0000-4000-8000-000000000029', 'study_level', 'single', 'Study level (optional)', 'Уровень обучения (необязательно)', NULL, NULL, '[{"value":"bachelor","label_en":"Bachelor / undergraduate","label_ru":"Бакалавриат"},{"value":"master","label_en":"Master / graduate","label_ru":"Магистратура"},{"value":"language","label_en":"Language school / preparatory","label_ru":"Языковая / подготовительная школа"},{"value":"other","label_en":"Other / undecided","label_ru":"Другое / пока не решил(а)"}]', 5),
  ('e0000000-0000-4000-8000-000000000030', 'wants_study_route', 'single', 'Planning to relocate via study (university / language school)?', 'Планируете релокацию через учёбу (вуз / языковая школа)?', 'Student visa / residence for enrollment — not remote work or passive income routes', 'Студенческая виза / ВНЖ для зачисления — не удалёнка и не пассивный доход', '[{"value":"yes","label_en":"Yes","label_ru":"Да"},{"value":"no","label_en":"No","label_ru":"Нет"}]', 1),
  ('e0000000-0000-4000-8000-000000000030', 'has_university_admission', 'single', 'Do you have admission / enrollment confirmation?', 'Есть подтверждение зачисления (admission / matrícula)?', 'Letter from university, Campus France approval, Zulassung, etc.', 'Письмо от вуза, одобрение Campus France, Zulassung и т.п.', '[{"value":"yes","label_en":"Yes","label_ru":"Да"},{"value":"no","label_en":"No","label_ru":"Нет"}]', 2),
  ('e0000000-0000-4000-8000-000000000030', 'study_budget_eur', 'number', 'Available study funds (EUR)', 'Доступные средства на учёбу (EUR)', 'Blocked account, savings, or sponsor funds for tuition + living costs', 'Blocked account, сбережения или спонсор — на обучение и проживание', NULL, 3),
  ('e0000000-0000-4000-8000-000000000030', 'can_show_study_funds', 'single', 'Can document source of study funds (bank / sponsor)?', 'Можете подтвердить источник средств (банк / спонсор)?', NULL, NULL, '[{"value":"yes","label_en":"Yes","label_ru":"Да"},{"value":"no","label_en":"No","label_ru":"Нет"}]', 4),
  ('e0000000-0000-4000-8000-000000000030', 'study_level', 'single', 'Study level (optional)', 'Уровень обучения (необязательно)', NULL, NULL, '[{"value":"bachelor","label_en":"Bachelor / undergraduate","label_ru":"Бакалавриат"},{"value":"master","label_en":"Master / graduate","label_ru":"Магистратура"},{"value":"language","label_en":"Language school / preparatory","label_ru":"Языковая / подготовительная школа"},{"value":"other","label_en":"Other / undecided","label_ru":"Другое / пока не решил(а)"}]', 5),
  ('e0000000-0000-4000-8000-000000000033', 'wants_study_route', 'single', 'Planning to relocate via study (university / language school)?', 'Планируете релокацию через учёбу (вуз / языковая школа)?', 'Student visa / residence for enrollment — not remote work or passive income routes', 'Студенческая виза / ВНЖ для зачисления — не удалёнка и не пассивный доход', '[{"value":"yes","label_en":"Yes","label_ru":"Да"},{"value":"no","label_en":"No","label_ru":"Нет"}]', 1),
  ('e0000000-0000-4000-8000-000000000033', 'has_university_admission', 'single', 'Do you have admission / enrollment confirmation?', 'Есть подтверждение зачисления (admission / matrícula)?', 'Letter from university, Campus France approval, Zulassung, etc.', 'Письмо от вуза, одобрение Campus France, Zulassung и т.п.', '[{"value":"yes","label_en":"Yes","label_ru":"Да"},{"value":"no","label_en":"No","label_ru":"Нет"}]', 2),
  ('e0000000-0000-4000-8000-000000000033', 'study_budget_eur', 'number', 'Available study funds (EUR)', 'Доступные средства на учёбу (EUR)', 'Blocked account, savings, or sponsor funds for tuition + living costs', 'Blocked account, сбережения или спонсор — на обучение и проживание', NULL, 3),
  ('e0000000-0000-4000-8000-000000000033', 'can_show_study_funds', 'single', 'Can document source of study funds (bank / sponsor)?', 'Можете подтвердить источник средств (банк / спонсор)?', NULL, NULL, '[{"value":"yes","label_en":"Yes","label_ru":"Да"},{"value":"no","label_en":"No","label_ru":"Нет"}]', 4),
  ('e0000000-0000-4000-8000-000000000033', 'study_level', 'single', 'Study level (optional)', 'Уровень обучения (необязательно)', NULL, NULL, '[{"value":"bachelor","label_en":"Bachelor / undergraduate","label_ru":"Бакалавриат"},{"value":"master","label_en":"Master / graduate","label_ru":"Магистратура"},{"value":"language","label_en":"Language school / preparatory","label_ru":"Языковая / подготовительная школа"},{"value":"other","label_en":"Other / undecided","label_ru":"Другое / пока не решил(а)"}]', 5),
  ('e0000000-0000-4000-8000-000000000031', 'wants_study_route', 'single', 'Planning to relocate via study (university / language school)?', 'Планируете релокацию через учёбу (вуз / языковая школа)?', 'Student visa / residence for enrollment — not remote work or passive income routes', 'Студенческая виза / ВНЖ для зачисления — не удалёнка и не пассивный доход', '[{"value":"yes","label_en":"Yes","label_ru":"Да"},{"value":"no","label_en":"No","label_ru":"Нет"}]', 1),
  ('e0000000-0000-4000-8000-000000000031', 'has_university_admission', 'single', 'Do you have admission / enrollment confirmation?', 'Есть подтверждение зачисления (admission / matrícula)?', 'Letter from university, Campus France approval, Zulassung, etc.', 'Письмо от вуза, одобрение Campus France, Zulassung и т.п.', '[{"value":"yes","label_en":"Yes","label_ru":"Да"},{"value":"no","label_en":"No","label_ru":"Нет"}]', 2),
  ('e0000000-0000-4000-8000-000000000031', 'study_budget_eur', 'number', 'Available study funds (EUR)', 'Доступные средства на учёбу (EUR)', 'Blocked account, savings, or sponsor funds for tuition + living costs', 'Blocked account, сбережения или спонсор — на обучение и проживание', NULL, 3),
  ('e0000000-0000-4000-8000-000000000031', 'can_show_study_funds', 'single', 'Can document source of study funds (bank / sponsor)?', 'Можете подтвердить источник средств (банк / спонсор)?', NULL, NULL, '[{"value":"yes","label_en":"Yes","label_ru":"Да"},{"value":"no","label_en":"No","label_ru":"Нет"}]', 4),
  ('e0000000-0000-4000-8000-000000000031', 'study_level', 'single', 'Study level (optional)', 'Уровень обучения (необязательно)', NULL, NULL, '[{"value":"bachelor","label_en":"Bachelor / undergraduate","label_ru":"Бакалавриат"},{"value":"master","label_en":"Master / graduate","label_ru":"Магистратура"},{"value":"language","label_en":"Language school / preparatory","label_ru":"Языковая / подготовительная школа"},{"value":"other","label_en":"Other / undecided","label_ru":"Другое / пока не решил(а)"}]', 5),
  ('e0000000-0000-4000-8000-000000000032', 'wants_study_route', 'single', 'Planning to relocate via study (university / language school)?', 'Планируете релокацию через учёбу (вуз / языковая школа)?', 'Student visa / residence for enrollment — not remote work or passive income routes', 'Студенческая виза / ВНЖ для зачисления — не удалёнка и не пассивный доход', '[{"value":"yes","label_en":"Yes","label_ru":"Да"},{"value":"no","label_en":"No","label_ru":"Нет"}]', 1),
  ('e0000000-0000-4000-8000-000000000032', 'has_university_admission', 'single', 'Do you have admission / enrollment confirmation?', 'Есть подтверждение зачисления (admission / matrícula)?', 'Letter from university, Campus France approval, Zulassung, etc.', 'Письмо от вуза, одобрение Campus France, Zulassung и т.п.', '[{"value":"yes","label_en":"Yes","label_ru":"Да"},{"value":"no","label_en":"No","label_ru":"Нет"}]', 2),
  ('e0000000-0000-4000-8000-000000000032', 'study_budget_eur', 'number', 'Available study funds (EUR)', 'Доступные средства на учёбу (EUR)', 'Blocked account, savings, or sponsor funds for tuition + living costs', 'Blocked account, сбережения или спонсор — на обучение и проживание', NULL, 3),
  ('e0000000-0000-4000-8000-000000000032', 'can_show_study_funds', 'single', 'Can document source of study funds (bank / sponsor)?', 'Можете подтвердить источник средств (банк / спонсор)?', NULL, NULL, '[{"value":"yes","label_en":"Yes","label_ru":"Да"},{"value":"no","label_en":"No","label_ru":"Нет"}]', 4),
  ('e0000000-0000-4000-8000-000000000032', 'study_level', 'single', 'Study level (optional)', 'Уровень обучения (необязательно)', NULL, NULL, '[{"value":"bachelor","label_en":"Bachelor / undergraduate","label_ru":"Бакалавриат"},{"value":"master","label_en":"Master / graduate","label_ru":"Магистратура"},{"value":"language","label_en":"Language school / preparatory","label_ru":"Языковая / подготовительная школа"},{"value":"other","label_en":"Other / undecided","label_ru":"Другое / пока не решил(а)"}]', 5)
ON CONFLICT DO NOTHING;

INSERT INTO emigro_corridor_digest_items (corridor_id, category, title_en, title_ru, body_en, body_ru, source_url, last_verified, sort_order) VALUES
  ('a0000000-0000-4000-8000-000000000001', 'practical', 'D4 student visa', 'Студенческая виза D4', 'National D4 visa for enrollment at a Portuguese university or school. Limited part-time work allowed. See program page for 2026 means threshold.', 'Национальная виза D4 при зачислении в португальский вуз или школу. Ограниченное право подработки. Пороги средств — на странице программы.', 'https://vistos.mne.gov.pt/en/national-visas/general-information/study-visa', '2026-06-25', 6)
ON CONFLICT DO NOTHING;
